A1_187ef4436122d1cc2f40dc2b92f0eba0,ab,介词,Ab morgen muss ich arbeiten.,1.from / off,从明天开始我必须工作。,
A1_9591a1a24184bd3aa191f6d590d9c3a9,aber,连词,"Ich bin oft im Büro, aber nur für wenige Stunden.",1.但是,我经常在办公室，但只呆几个小时。,
A1_9f356e20751bf6d957e6cba2ffcda38c,abfahren,动词,Wir fahren um zwölf Uhr ab.,1.depart / remove / leave,我们十二点出发。,"<font color='#FF6600'>sein</font> abgefahren"
A1_340928ff804f116ae81e11d919919b73,Abfahrt,名词,Vor der Abfahrt rufe ich an.,1.start / departure<br>2.slope,走之前我会打电话。,<font color='#FF99CC'> die Abfahrt</font><br>Abfahrten
A1_2f42a1cb338ba559a4d6d485180e9f7f,abgeben,动词,Ich muss meine Schlüssel abgeben.,1.hand in / drop off / concede / deliver / hand over,我必须交出我的钥匙。,"abgegeben"
A1_83b6f80db47577b6e47291fa0158d21e,abholen,动词,Wann kann ich den Schrank bei dir abholen?,1.collect / pick up<br>2.pick up,我什么时候可以去你那里取柜子？,"abgeholt"
A1_276b156175a0ef102a37f320c4c13ad1,Absender,名词,Da ist ein Brief für dich ohne Absender.,1.sender<br>2.sender,有一封给您的信，没有回信地址。,<font color='#3399FF'> der Absender</font><br>Absender
A1_be0d3bb5a0f52755701fafef5c2391e0,Achtung,名词,Achtung! Das dürfen Sie nicht tun.,1.esteem / respect<br>2.caution / watch out / attention / look out / careful / danger,危险！你不能那样做。,<font color='#FF99CC'> die Achtung</font><br>—
A1_50d46c2f993f4c6ab66c095555dcc401,Adresse,名词,Können Sie mir seine Adresse sagen?,1.地址<br>2.address,你能告诉我他的地址吗？,<font color='#FF99CC'> die Adresse</font><br>Adressen
A1_5db310bc9abe88c0f836cd8145581be2,all-,粘着语素,Alles Gute!,全部-,一切顺利！,
A1_40e94d1167f57332fae5cae48f495378,allein,形容词,Er kommt allein.,1.alone,他一个人来。,
A1_07ccfe360dce69b84595428e2ec1c1cc,also,副词,"Also, es ist so: ...",1.所以,所以，就像这样：...,
A1_34823136d0dd91d0f5d22db740f7679c,alt,形容词,Wie alt sind Sie?,1.老<br>2.old,你今年多大？,
A1_b85145adbca4dc969d89cf96e9546a8b,Alter,名词,Alter: 26 Jahre.,1.age / Aldous / man / old man,年龄：26岁。,<font color='#3399FF'> der Alter</font><br><font color='#FFFF33'> das Alter</font><br>Alter
A1_18b049cc8d8535787929df716f9f4e68,an,介词,Fahren Sie an der nächsten Straße nach rechts.,1.to / on / moment / year,在下一条街右转。,
A1_893994ede78fa72969d830ee008b7d27,anbieten,动词,Was darf ich dir anbieten?,1.offer<br>2.propose / offer,我能为您提供什么？,"angeboten"
A1_b6c2853ec317047c34427ca9e144d6a8,Angebot,名词,Heute sind Sportschuhe im Angebot.,1.offering / offer,今天运动鞋打折。,<font color='#FFFF33'> das Angebot</font><br>Angebote
A1_d85895eda182d70dde4e1133cbd05c24,ander-,-,WiIlst du diese Jacke?,在-,你想要这件夹克吗？,
A1_5be992661a05950593efe28e622d6506,anfangen,动词,Hier fängt die Bahnhofstraße an.,1.begin / start<br>2.begin / start,班霍夫大街从这里开始。,"angefangen"
A1_03bcc068f75121ccc56e595ea937b9e4,Anfang,名词,Sie wohnt am Anfang der Straße.,1.inception / initiation / incipience / beginning / onset / start / commencement / initial / opening / outset / origin,她住在街的尽头。,<font color='#3399FF'> der Anfang</font><br>Anfänge
A1_45f260b596af15240e60c3548fb6f505,anklicken,动词,Da musst du dieses Wort anklicken.,1.on / click,你必须点击这个词。,"angeklickt"
A1_99dea2129039d923b0f07d8e78542f28,ankommen,动词,Wann kommt dieser Zug in Hamburg an?,1.arrive<br>2.climatize,这趟火车什么时候到达汉堡？,"<font color='#FF6600'>sein</font> angekommen"
A1_0f403e733c57a7e4a506c722e225e02d,Ankunft,名词,Auf diesem Plan steht nur die Ankunft(-szeit) der Züge.,1.arrival,该计划仅显示火车的到达（时间）。,<font color='#FF99CC'> die Ankunft</font><br>Ankünfte
A1_51c633c7e132427a77837a2d130d8c61,ankreuzen,动词,Auf dem Formular müssen Sie an mehreren Stellen etwas ankreuzen.,1.check / tick<br>2.beat,您必须在表格上的多个位置勾选某些内容。,"angekreuzt"
A1_6fb6e3977571be637fd527e9dfe0bc65,anmachen,动词,Mach bitte das Licht an!,1.dress<br>2.light,请把灯打开！,"angemacht"
A1_53bf7b22add6005d8f1c3f335cd16d6a,anmelden,动词,Wo kann ich mich anmelden?,1.announce<br>2.enroll / register,我在哪里签字？,"angemeldet"
A1_05d316097eb9d1289765b00d23b6aba8,Anmeldung,名词,Eine Anmeldung für diesen Kurs ist nicht mehr möglich.,1.registration,不再可以注册该课程。,<font color='#FF99CC'> die Anmeldung</font><br>Anmeldungen
A1_1750f1eb0fdcdc5e98a38263803e0c2c,Anrede,名词,Schreiben Sie auch eine Anrede und einen Gruß.,1.form of address / salutation / title / salutatory address / address,还要写上问候语和问候语。,<font color='#FF99CC'> die Anrede</font><br>Anreden
A1_c1b00240104167abcc2dd7ca756b325a,anrufen,动词,Kann man Sie anrufen?,1.call / challenge<br>2.call / on / appeal / invoke,可以叫你吗？,"angerufen"
A1_65cb105f8d4c5a71465cd485587dead6,Anruf,名词,Sie bekommt viele Anrufe auf ihrem Handy.,1.call / phone call,她的手机接到很多电话。,<font color='#3399FF'> der Anruf</font><br>Anrufe
A1_c66069912645a3f85f86bef9b3fd2ef3,Anruf-,-,Wir sind im Moment nicht da. Sprechen Sie bitte auf den Anrufbeantworter.,称呼-,我们现在不在。请对答录机讲话。,
A1_d565df92ce83dec9f153230a088ec13b,Ansage,名词,Hören Sie die Ansagen.,1.announcement,听听公告。,<font color='#FF99CC'> die Ansage</font><br>Ansagen
A1_360a29b179c18f066a0d2fe96cd0cdb1,Anschluss,名词,In Mannheim haben Sie Anschluss nach Saarbrücken.,1.connection / connexion<br>2.connection,在曼海姆，您可以前往萨尔布吕肯。,<font color='#3399FF'> der Anschluss</font><br>Anschlüsse—
A1_14b83f1acf166d54f095cb27fe89490e,an sein,动词,Heute Nacht war das Licht an.,1.switch on / burn / be on,今晚，灯亮了。,"<font color='#FF6600'>sein</font> an gewesen"
A1_8fc6de50e312f5a325abe3bd06484e99,antworten,动词,Er antwortet nicht.,1.answer,他没有回答。,"geantwortet"
A1_e1874c4c3623fb7cae62903a2d96b378,Antwort,名词,Er gibt leider keine Antwort.,1.answer,不幸的是他没有给出答案。,<font color='#FF99CC'> die Antwort</font><br>Antworten
A1_9fa9f82e424d200d944cc578e3d91706,Anzeige,名词,Ich habe Ihre Anzeige in der Zeitung gelesen.,1.announcement / advertisement,我在报纸上读到了你们的广告。,<font color='#FF99CC'> die Anzeige</font><br>Anzeigen
A1_6f7e3417d54eca6cd350a624020c2892,anziehen,动词,Ich muss mich noch anziehen.,1.put on / attire<br>2.dress / attire,我还得穿衣服。,"angezogen"
A1_73786cb2bc433cfb06603ab61f15e04e,Apartment,名词,Wir haben ein Apartment gemietet.,1.apartment,我们租了一套公寓。,<font color='#FFFF33'> das Apartment</font><br>Apartments
A1_0fb08c59ce072579332e2a7e2f7fb1d4,Apfel,名词,Ä Ein Pfund Äpfel bitte.,1.苹果,请给我一磅苹果。,<font color='#3399FF'> der Apfel</font><br>Äpfel
A1_c0a29bec9e26263fe6f1f491b9debafa,Appetit,名词,Guten Appetit!,1.appetite,祝你胃口好！,<font color='#3399FF'> der Appetit</font><br>—
A1_378c69262ae43313c84454508d2d7bc3,arbeiten,动词,Wo arbeiten Sie?,1.工作<br>2.work / function,你在哪里工作？,"gearbeitet"
A1_8703ee40c0dc49669096d15d4fd4a6d4,Arbeit,名词,Mein Bruder sucht Arbeit.,1.工作<br>2.工作,我弟弟正在找工作。,<font color='#FF99CC'> die Arbeit</font><br>Arbeiten
A1_75c32acbd79de4d83a1ed0f94f43968f,arbeitslos,形容词,"Es gibt bei uns viele Leute, die schon lange arbeitslos sind.",1.jobless / on the dole / out of work / unemployed / redundant,我们有很多人长期失业。,
A1_7e928f5f0a903c83a3a5ba3a5f52866f,Arbeitsplatz,名词,An meinem Arbeitsplatz fehlt ein Drucker.,1.workplace<br>2.job,我的工作场所没有打印机。,<font color='#3399FF'> der Arbeitsplatz</font><br>Arbeitsplätze
A1_551c5c03a1a91f2cf90e0d9a9b6dd378,Arm,名词,Mein Arm tut weh.,1.arm<br>2.arm,我的手臂很痛。,<font color='#3399FF'> der Arm</font><br>Arme
A1_6f5e4a64ebe69a01b775bf7b5b66e70c,Arzt,名词,"Ä, e Morgen habe ich einen Termin bei meiner Ärztin.",1.医生,"ä, e 我明天和我的医生有个约会。",<font color='#3399FF'> der Arzt</font><br>Ärzte
A1_b1c9b44a9a0a65615f21834aee53594b,auch,副词,Ich bin auch Spanier.,1.还/亦/也/连,我也是西班牙人。,
A1_25f088fd210008a031306fdbb46bbad3,auf,介词,Die Kinder spielen auf der Straße.,1.open / onto / on,孩子们在街上玩耍。,
A1_8c5713647160f5a68374d7b6e82b8f16,Aufgabe,名词,Das ist eine schwere Aufgabe.,1.duty / job / business / task<br>2.giving up / dropping / abandonment,这是一项艰巨的任务。,<font color='#FF99CC'> die Aufgabe</font><br>Aufgaben
A1_e75d6cb74f68ec19fa4199f71ac4c0cf,aufhören,动词,Der Kurs hört in einer Woche auf.,1.stop / cease / quit<br>2.end,课程一周后结束。,"aufgehört"
A1_7450456d0af6c0482312247269193591,auf sein,动词,Du brauchst den Schlüssel nicht. Die Wohnung ist auf.,起床,你不需要钥匙。公寓已开放。,"<font color='#FF6600'>sein</font> auf gewesen"
A1_4450db4446e762a53474d1421c6e9e84,aufstehen,动词,Ich muss immer um vier Uhr aufstehen.,1.起床<br>2.stand up / rise,我总是必须在四点钟起床。,"<font color='#FF6600'>sein</font> aufgestanden"
A1_06bb45f169c89119e11ec46cce957d83,Aufzug,名词,In diesem Haus gibt es keinen Aufzug.,1.elevator / lift<br>2.act,这所房子没有电梯。,<font color='#3399FF'> der Aufzug</font><br>Aufzüge
A1_de4a8e0b525de3588384142d3ddb8f86,Auge,名词,Er hat blaue Augen.,1.眼睛<br>2.globule of fat,他有蓝色的眼睛。,<font color='#FFFF33'> das Auge</font><br>Augen
A1_fc8baa6879e639926be3916810962e13,aus,介词,Er kommt aus Brasilien.,1.out of / from / over<br>2.from / off,他来自巴西。,
A1_4090c47381c103e82f9b6b1305ed9fe9,Ausflug,名词,Morgen machen wir einen Ausflug nach Heidelberg.,1.excursion / outing,明天我们要去海德堡旅行。,<font color='#3399FF'> der Ausflug</font><br>Ausflüge
A1_00681ec6411f9824c40f1a40c7f6f1da,ausfüllen,动词,Füllen Sie bitte dieses Formular aus.,1.fill in / complete / fill out,请填写这张表格。,"ausgefüllt"
A1_2b73e416f5ef85376ae1c7f343130406,Ausgang,名词,Wo ist der Ausgang?,1.出口,出口在哪里？,<font color='#3399FF'> der Ausgang</font><br>Ausgänge
A1_fd9433314fc126e722affc1829c83cb6,Auskunft,名词,Können Sie mir eine Auskunft geben?,1.信息<br>2.information desk,你能给我一些信息吗？,<font color='#FF99CC'> die Auskunft</font><br>Auskünfte
A1_ca02149067130b0357269c9bfeb3d1dd,Ausland,名词,Fahren Sie ins Ausland?,1.海外,你要去国外吗？,<font color='#FFFF33'> das Ausland</font><br>—
A1_92a43698921632c1be3bc4c38059ef98,Ausländer,名词,SInd Sie Ausländerin?,1.外國人<br>2.foreigner / alien,你是外国人吗？,<font color='#3399FF'> der Ausländer</font><br>Ausländer
A1_7025239ec78ac106e4beb03085cb2079,ausländisch,形容词,Leider habe ich nur ausländisches Geld.,1.外国,不幸的是我只有外国钱。,
A1_2ee608cc473f411a3256c5a7dfc68cf4,ausmachen,动词,Mach bitte das Licht aus!,1.switch off / put out / turn off<br>2.agree on / stipulate / conclude / arrange,请关灯！,"ausgemacht"
A1_91778c85db733d356880153a4530e34b,Aussage,名词,Ist die Aussage richtig oder falsch?,1.stated view / statement<br>2.testimony / statement,该说法是真是假？,<font color='#FF99CC'> die Aussage</font><br>Aussagen
A1_c5a46c37a437afe49d1cc1ea93ec267f,aussehen,动词,Das sieht schön aus.,1.look like / look,看起来不错。,"ausgesehen"
A1_9b5a273bf60e483ba4ba76eb2ccdc7a7,aus sein,词组,Das Licht ist aus.,下车,灯灭了。,
A1_6a0203b812ae2a25488850ce6f901ed8,aussteigen,动词,Wo muss ich aussteigen?,1.get off / get out / disembark / alight<br>2.bail out / parachute / eject,我该在哪里下车？,"<font color='#FF6600'>sein</font> ausgestiegen"
A1_f7ece9dfcf75ce9070ff191ac75addb4,Ausweis,名词,Hier ist mein Ausweis.,1.identity card,这是我的证件。,<font color='#3399FF'> der Ausweis</font><br>AusweiseAusweisy
A1_1209aace91004722bd296821bb22e396,ausziehen,动词,"Zieh die Schuhe aus, bitte!",1.draw / pull / extract<br>2.bleach,请脱掉你的鞋子！,"<font color='#FF6600'>sein</font> ausgezogen"
A1_06b9281e396db002010bde1de57262eb,Auto,名词,Er kommt mit dem Auto.,1.汽车<br>2.toy car,他开车来。,<font color='#FFFF33'> das Auto</font><br>Autos<font color='#FFFF33'> das Auto</font><br>Autos
A1_a1082e570aada77666085196f13818f6,Autobahn,名词,Wo geht‘s hier bitte zur Autobahn?,1.高速公路,请问这里的高速公路在哪里？,<font color='#FF99CC'> die Autobahn</font><br>Autobahnen
A1_21f4ce70d08e9dfe347a216c46b8ad71,Automat,名词,Die Fahrkarten gibt es nur am Automaten.,1.automaton<br>2.vending machine,门票只能通过机器购买。,<font color='#3399FF'> der Automat</font><br>Automaten
A1_1b11c3918c618a2822bc28a3a1c1e4c8,automatisch,形容词,Du musst nichts machen. Das geht automatisch.,2.automatically / automatic,你不需要做任何事。这是自动发生的。,
A1_a7b5bdb8cce7b6d6713cc8897c5cf374,Baby,名词,Mein Kind ist noch ein Baby.,1.baby / infant,我的孩子还是个婴儿。,<font color='#FFFF33'> das Baby</font><br>Babys
A1_33308629cd77444b9b09a0d76e5decd7,Bäckerei,名词,Ich geh mal schnell zur Bäckerei.,1.面包店/面包房/糕点店,我很快就去面包店。,<font color='#FF99CC'> die Bäckerei</font><br>Bäckereien
A1_7ff3e75ce6aca348bc513ed3d5882946,Bad,名词,Wir haben kein großes Bad.,1.bath<br>2.bath,我们没有大浴室。,<font color='#FFFF33'> das Bad</font><br>Bäder
A1_4bafeb20cbf9d5c7c934c564ec1365ad,baden,动词,"Ich bade nicht so gern, ich dusche lieber.",1.bathe,我不太喜欢洗澡，我更喜欢淋浴。,"gebadet"
A1_05b2773f8b3224d0ffb933d531a74087,Bahn,名词,Wir fahren lieber mit der Bahn.,1.way / path<br>2.lane,我们更喜欢坐火车。,<font color='#FF99CC'> die Bahn</font><br>Bahnen
A1_e7296de46c78303787df1b1557dc80bf,Bahnhof,名词,Komme ich hier zum Bahnhof?,1.火车站,我可以从这里到火车站吗？,<font color='#3399FF'> der Bahnhof</font><br>Bahnhöfe
A1_c2131b21e057448066b1b2007b5d14ab,Bahnsteig,名词,Auf welchem Bahnsteig fährt der Zug?,1.platform,火车在哪个站台运行？,<font color='#3399FF'> der Bahnsteig</font><br>Bahnsteige
A1_ff9bb8d91e1db8334c4f367e0ebba101,bald,副词,Ich komme bald.,1.soon<br>2.almost,我很快就来。,
A1_09711fef957dbdb435a876e97cd2f6c5,Balkon,名词,Die Wohnung hat auch einen kleinen Balkon.,1.阳台<br>2.阳台,公寓还设有一个小阳台。,<font color='#3399FF'> der Balkon</font><br>
A1_f6ae02c12ed752bcdf92060492cf6572,Banane,名词,"Drei Bananen, bitte!",1.banana / plantain,请给我三根香蕉！,<font color='#FF99CC'> die Banane</font><br>Bananen
A1_eb45bd2725cb8ac50d0795432a918f86,Bank,名词,Die Bank schließt schon um vier Uhr.,1.银行/长椅<br>2.bed / layer / bank / dealer,银行四点钟关门。,<font color='#FF99CC'> die Bank</font><br>Bänke<font color='#FF99CC'> die Bank</font><br>Banken
A1_37b51d194a7513e45b56f6524f2d51f2,bar,形容词,Muss ich bar zahlen oder geht‘s auch mit Karte?,1.without / bare / devoid of<br>2.cash,我必须用现金支付还是也可以用卡支付？,
A1_565ae81344f98296bbf2daa80a5aaf8c,Bauch,名词,Seit gestern tut mir der Bauch weh.,1.womb / tum / belly / stomach / tummy,从昨天开始我的胃就一直疼。,<font color='#3399FF'> der Bauch</font><br>Bäuche
A1_0b4dbe904394456d0500f92a6db3b3ed,Baum,名词,"Vorsicht, fahr nicht an den Baum!",1.乔木/树<br>2.tree,小心，别撞到树了！,<font color='#3399FF'> der Baum</font><br>Bäume
A1_ce2aaecc687ef4c5472cef36da050655,Beamte,名词,Fragen Sie die Beamtin an Schalter acht!,1.official / civil servant,询问八号柜台的工作人员！,<font color='#FF99CC'> die Beamte</font><br>
A1_b173c63a146eeff23d0b11766ec61e1d,bedeuten,动词,Was bedeutet das Wort?,1.mean<br>2.mean,这个词是什么意思？,"bedeutet"
A1_ff5ca1ed5b28da8d7d8219058e8b6aba,beginnen,动词,Das Spiel beginnt um 15.30 Uhr.,1.begin / start / commence,比赛于下午 3:30 开始。,"begonnen"
A1_57fe4b97a911bd674d451164ca62f8bd,bei,介词,Offenbach liegt bei Frankfurt.,1.with / near / by<br>2.with / among,奥芬巴赫靠近法兰克福。,
A1_36fef6561176aaff9de2bb66181a8c4d,beide,不定代词,Beide Eltern arbeiten.,1.both,父母双方都工作。,
A1_b68462c1bc8b2ac65c31b17dd40261ff,Bein,名词,Mein rechtes Bein tut weh.,1.腿<br>2.腿,我的右腿很痛。,<font color='#FFFF33'> das Bein</font><br>Beine
A1_ac41f033b3c2c5e184912c009d9b7890,Beispiel,名词,Kannst du mir ein Beispiel sagen?,1.example<br>2.例子,你能告诉我一个例子吗？,<font color='#FFFF33'> das Beispiel</font><br>Beispiele
A1_d382282c46facf237c68f2a737a46c39,zum Beispiel/z. B.,-,"Viele meiner Verwandten, z. B. meine beiden",例如/例如b.,我的许多亲戚，例如B、我的两个,
A1_b2c3931ef8a62e8a9abb8fc62ff23cd6,bekannt,形容词,Picasso ist sehr bekannt.,1.known / famous,毕加索非常有名。,
A1_98a6e51a7f24723dfb41eb762457e078,der/die Bekannte,-,Ein Bekannter von mir heißt Klaus.,熟人,我的一个熟人叫克劳斯。,
A1_31e6683dbcf00dca9494e4ce9fac6fb6,bekommen,动词,Haben Sie meinen Brief bekommen?,1.receive / be given / get<br>2.receive / be given / get,你收到我的信了吗？,"bekommen"
A1_9dc33b8a509c16867fc0fae9f4b2c7e7,benutzen,动词,Die Aufzüge bitte nicht benutzen!,1.用,请不要使用电梯！,"benutzt"
A1_ffae34e065e8aae1462953f5ca814ba3,Beruf,名词,Was sind Sie von Beruf?,1.profession / occupation / line / trade / job / career / business,你的职业是什么？,<font color='#3399FF'> der Beruf</font><br>Berufe
A1_5dc874088a7d11f3a8a3390a3d3a81a2,besetzt,形容词,Die Nummer ist immer besetzt.,占领,号码总是占线。,
A1_9f2dca3041c424a753572f10f9c82c3b,besichtigen,动词,Ich möchte gern den Dom besichtigen.,1.view / visit,我想去参观大教堂。,"besichtigt"
A1_73483f5a1744d48d9e11134a3c609937,besser,形容词,Es geht mir schon besser.,1.比较好,我已经感觉好多了。,
A1_e3d9bbdf3cbfa78bf084dc41b7c3b6af,best-,-,Am besten treffen wir uns morgen.,最好的-,我们最好明天见面。,
A1_6232e6f4a871d0228fba48219ae354d7,bestellen,动词,"Wir möchten bestellen, bitte.",1.order<br>2.pass on / convey,我们想订购，请。,"bestellt"
A1_f21eefe64027b11131ad66c10fde8ef0,besuchen,动词,Darf ich dich besuchen?,1.visit,我可以拜访你吗？,"besucht"
A1_ff3b8b8812dd394aaccf82f9dfd3b54c,Bett,名词,Wir brauchen noch ein Kinderbett.,1.bed,我们还需要一张婴儿床。,<font color='#FFFF33'> das Bett</font><br>Betten
A1_a6570d4ab0983493a738d5c03b6ebad9,bezahlen,动词,Wo muss ich bezahlen?,1.付款<br>2.pay,我必须在哪里付款？,"bezahlt"
A1_4fbc0d410a8b28ab6731857d7766aa49,Bier,名词,Noch ein Bier bitte.,1.啤酒,再来一杯啤酒。,<font color='#FFFF33'> das Bier</font><br>Biere
A1_0da3b78d9546e8fe0065cd3c9ed1879a,Bild,名词,Hast du ein Bild von deinem Sohn?,1.画,你有你儿子的照片吗？,<font color='#FFFF33'> das Bild</font><br>Bilder
A1_a1146605da3849079ec90c9a11a9f22c,billig,形容词,Die Jacke kostet nur 10 Euro! Die ist aber billig!,1.fitting / cheap<br>2.inexpensive / cheap,这件夹克只要10欧元！但它很便宜！,
A1_5a24367823a598bedc8f2c9af2a0e014,Birne,名词,"Ein Kilo Birnen, bitte!",1.pear<br>2.梨/梨子,请给我一公斤梨！,<font color='#FF99CC'> die Birne</font><br>Birnen
A1_227cee183f9b009e2f81f2f8339e281b,bis,介词,Ich fahre nur bis Stuttgart.,1.till / twice / through / until / til / by,我只想去斯图加特,
A1_fd65c67862dad6951e6be9dcea9eb75b,bisschen,不定代词,"Ich spreche Englisch, Französisch und ein bisschen Deutsch.",1.trifle / bit<br>2.not one bit of / not the slightest bit,我会说英语、法语和一点德语。,
A1_c8f17d7403ac5ff2896a713a7175ed19,bitte,副词,"Eine Tasse Kaffee, bitte!",1.请<br>2.you are welcome / you're welcome,请喝杯咖啡！,
A1_3bfce8bceb31f04891c64b70958f25ca,Bitte,名词,Ich habe noch eine Bitte.,1.請求,我还有一个请求。,<font color='#FF99CC'> die Bitte</font><br>Bitten
A1_ee389d85ae8e6d5cc2b33bc5b4217e99,bitten,动词,Darf ich Sie um etwas bitten?,1.ask / beg<br>2.ask / invite / beg,我可以向你求点东西吗？,"gebeten"
A1_1d6ad39ff8ff378c5e23ef5921065891,bitter,形容词,Der Kaffee schmeckt bitter.,1.bitter<br>2.bitter,咖啡的味道很苦。,
A1_84fc7ef4bae308db2c6d502cfc27af62,bleiben,动词,Ich bleibe heute zu Hause.,1.留下/住<br>2.last,我今天待在家里。,"<font color='#FF6600'>sein</font> geblieben"
A1_41e949b630ee5fa913b0188207c8f39e,Bleistift,名词,Hast du einen Bleistift?,1.铅笔,你有铅笔吗？,<font color='#3399FF'> der Bleistift</font><br>Bleistifte
A1_44c95c201a119ca22c99df859a3fbe0b,Blick,名词,Von diesem Hotel hat man einen guten Blick auf den Rhein.,1.view / look / glance / glimpse / peek<br>2.look,这家酒店可以看到莱茵河的美景。,<font color='#3399FF'> der Blick</font><br>Blicke
A1_251860a5c4f99be280a6f48fd0c7eb99,Blume,名词,Gefallen dir die Blumen?,1.花朵/花/花儿,你喜欢花吗？,<font color='#FF99CC'> die Blume</font><br>Blumen
A1_8d67d7c25b2f0fbaaf1843572dcbc48e,Bogen,名词,Schreiben Sie Ihre Lösungen bitte auf den Antwortbogen.,1.arc<br>2.arch,请将您的答案写在答题纸上。,<font color='#3399FF'> der Bogen</font><br>
A1_ece40577fee0833e87ee83a4c168f6f7,böse,形容词,Sie ist böse auf mich.,1.恶<br>2.annoyed / angry,她对我很生气。,
A1_774326ba3924c13eafbfe741ffac61e6,brauchen,动词,Brauchst du die Zeitung noch?,1.需要<br>2.use,你还需要报纸吗？,"gebraucht"
A1_9c39f2b6f16b734fa067877eaeba40fc,breit,形容词,Wie breit ist der Schrank?,1.broad / wide<br>2.large / broad,衣柜多宽？,
A1_210a2592d5931ebaafe8d0b8380cfccf,Brief,名词,Haben Sie einen Brief für mich?,1.信,你有一封信给我吗？,<font color='#3399FF'> der Brief</font><br>Briefe
A1_e67e553c38fa6efbf60546b712f77cb8,Briefmarke,名词,Kaufst du bitte Briefmarken bei der Post.,1.邮票,请从邮局购买邮票。,<font color='#FF99CC'> die Briefmarke</font><br>Briefmarken
A1_aa92a6ee1fb4a27cf2f015a255ea6e55,bringen,动词,Bringen Sie mir bitte noch einen Kaffee!,1.带来,请再给我一杯咖啡！,"gebracht"
A1_f1ed22fa28cecf16be8d7ad642eaebc8,Brot,名词,Haben Sie auch Weißbrot?,1.面包<br>2.loaf of bread,你也有白面包吗？,<font color='#FFFF33'> das Brot</font><br>Brote
A1_f3c45d5f27e76125ff85cd771a798be2,Brötchen,名词,Möchtest du Brötchen zum Frühstück?,1.圆面包,您早餐想吃三明治吗？,<font color='#FFFF33'> das Brötchen</font><br>Brötchen
A1_78f5978148a3dae25fb85200b6f267fe,Bruder,名词,Sein Bruder arbeitet auch hier.,1.brother<br>2.monk,他的兄弟也在这里工作。,<font color='#3399FF'> der Bruder</font><br>Brüder
A1_57d0e82d092cdad515aeeabfe24d81ba,Buch,名词,Gute Bücher sind oft sehr teuer.,1.书本/书<br>2.书本/书,好书往往非常昂贵。,<font color='#FFFF33'> das Buch</font><br>Bücher
A1_b5af114b9efec57b96c2ccc104ebc31b,Buchstabe,名词,Diesen Buchstaben gibt es in meiner Sprache nicht.,1.字母,这封信在我的语言中不存在。,<font color='#3399FF'> der Buchstabe</font><br>Buchstaben
A1_98d3b9c725bfffe82cf13fd53759bdc9,buchstabieren,动词,Bitte buchstabieren Sie Ihren Namen.,1.spell,请拼出你的名字。,"buchstabiert"
A1_6e4b38bfd57741ac1597c440a1c98074,Bus,名词,Wann kommt der nächste Bus?,1.zh,下一趟公共汽车什么时候来？,<font color='#3399FF'> der Bus</font><br>BusseBuses<font color='#3399FF'> der Bus</font><br>Busse<font color='#3399FF'> der Bus</font><br>—
A1_e5961b0baa369b1c565601db04d82c3c,Butter,名词,Für mich bitte ein Brötchen mit Butter und Käse.,1.牛油/黄油/酥油,请给我一份黄油和奶酪卷。,—<font color='#FFFF33'> das Butter</font><br>Butters
A1_4655bd14eebfaf444e5b33d6851dbbd0,Café,名词,Sollen wir uns im Café treffen?,1.咖啡馆,我们应该在咖啡馆见面吗？,<font color='#FFFF33'> das Café</font><br>Cafés
A1_4170acd6af571e8d0d59fdad999cc605,CD,缩写,Bring bitte deine Lieblings-CD mit.,1.compact disc / CD,请随身携带您最喜爱的 CD。,
A1_8fd82b8864d71ed7fa12b59e6e34cd1c,Chef,名词,Wir haben eine neue Chefin.,1.boss / manager,我们有一个新老板。,<font color='#3399FF'> der Chef</font><br>Chefs
A1_5dbd452d2e92deec202d7b9ebc36ef87,circa/ca.,-,Von Mainz nach Frankfurt sind es circa fünfzig Kilometer.,大约/大约。,从美因茨到法兰克福大约有五十公里。,
A1_181900dad960beccb34f53c4e0ff4647,Computer,名词,Wann bekommst du deinen neuen Computer?,1.计算机/电脑,你什么时候能收到你的新电脑？,<font color='#3399FF'> der Computer</font><br>Computer
A1_5ca2aa845c8cd5ace6b016841f100d82,da,副词,Da hinten ist er ja.,1.那里<br>2.leather / there / here / when,他又回来了。,
A1_3bf21f59fd817dcd723b34ad7396ca74,Dame,名词,Sehr geehrte Damen und Herren!,1.lady / checkers / draughts,女士们，先生们！,<font color='#FF99CC'> die Dame</font><br>Damen只有复数形式<br>—
A1_7122fdd3ec987fef7e707364b54c36ce,daneben,副词,Du kennst doch die Post. Daneben ist die Bank.,1.next to / that,你知道邮局。旁边就是银行。,
A1_f35f38bb29394699301817e412626097,danken,动词,Ich danke Ihnen für die Einladung.,1.thank,感谢您的邀请。,"gedankt"
A1_de2604b8a4f633a0c0d58518072ecc1f,Dank,名词,Vielen Dank!,1.gratitude<br>2.thank / thanks,谢谢你！,<font color='#3399FF'> der Dank</font><br>—
A1_eedc18ce8c3cd817f5e321201de03a9f,danke,感叹词,"Soll ich Ihnen helfen? - Nein, danke!",1.谢谢,你需要我帮你吗？ - 不，谢谢！,
A1_10e7b30d8f61e75d28a03ec651f8b112,dann,副词,"Ich muss noch schnell zur Post, dann komme ich.",1.then,我得赶紧去邮局然后我就来。,
A1_9ba51734ced032fd8ec25acfb387a23f,Datum,名词,Bitte schreiben Sie noch das Datum auf das Formular.,1.date<br>2.datum,请在表格上写下日期。,<font color='#FFFF33'> das Datum</font><br>Daten
A1_f9add472ecba430a367af35895785c91,dauern,动词,Wie lange dauert der Film?,1.take time / last<br>2.last,影片时长是多少？,"gedauert"
A1_3dfceeb96d207a83b7bdc7f43ebf9ee1,dein-,-,Ist das dein Auto?,你的-,那是你的车吗？,
A1_17bcd7ce26aaffc0f3c8a276f9610c48,denn,连词,"Ich kann nicht kommen, denn ich bin krank.",1.since#Konjunktion / because / than,我不能来，因为我病了。,
A1_7dcfa1ae6810809f91266e56042694c6,dich,人称代词,Die Blumen sind für dich.,1.你<br>2.yourself,花是给你的。,
A1_9cfe3267d11c8d248ed386f7112ccdae,dies-,-,Ich nehme lieber diesen Kuchen.,这-,我宁愿吃这个蛋糕。,
A1_736007832d2167baaae763fd3a3f3cf1,dir,人称代词,Gefallen dir die Blumen?,1.say / thou / thee / you / tell,你喜欢花吗？,
A1_6b8a071d3bbcb8dbc788e488f7ece25c,Disco,名词,Heute abend gehen wir in die Disco tanzen.,1.nightclub / discotheque,今晚我们要去迪斯科舞厅跳舞。,<font color='#FF99CC'> die Disco</font><br>Discos
A1_555e1f67caaa9f97b9845766bfcbbc88,Doktor,名词,Meine Tochter ist krank. Wir gehen zum Doktor.,1.大夫<br>2.博士,我女儿病了。我们要去看医生。,<font color='#3399FF'> der Doktor</font><br>
A1_9ae613c2c01b3359dcfa36e96ea1d25e,Doppelzimmer,名词,Wollen Sie ein Doppelzimmer oder ein Einzelzimmer?,1.twin / double room / double bedroom / twin room,您想要双人间还是单人间？,<font color='#FFFF33'> das Doppelzimmer</font><br>Doppelzimmer
A1_7783b2f4f8d4b0946ee5951a94753b09,Dorf,名词,Meine Familie lebt in einem Dorf.,1.村<br>2.village,我的家人住在一个​​村庄。,<font color='#FFFF33'> das Dorf</font><br>Dörfer
A1_803a2f61bc314044dc33802270845de5,dort,副词,Deine Tasche kannst du dorthin stellen.,1.there,你可以把包放在那里。,
A1_08a4fd2cc7de634479900251ada2720d,draußen,副词,Wollen wir draußen sitzen?,1.outdoors / outside / out of doors,我们想坐在外面吗？,
A1_755bbd7da4c464a53490703647c6067f,drucken,动词,Bitte drucke das Formular für mich.,1.print,请帮我打印表格。,"gedruckt"
A1_48258ed374171337632a589a39ea8b2b,Drucker,名词,Mein Drucker ist kaputt.,1.打印机<br>2.printer,我的打印机坏了。,<font color='#3399FF'> der Drucker</font><br>Drucker
A1_a936dffdc64fb9deb21c7671edc68cd4,drücken,动词,"Drück hier, dann geht der Computer an.",1.press / push / be too tight / shake<br>2.hug,按此处，计算机将打开。,"gedrückt"
A1_fcf8a00e2b345e0899280773c46ed69f,durch,介词,Am besten gehen Sie durch die Breite Straße.,1.through / finished<br>2.well done / by,最好穿过Breite Straße。,
A1_03c97cddc0bf78198e6fe5456484ce61,Durchsage,名词,Ich habe die Durchsage nicht verstanden.,1.announcement,我没看懂这个公告。,<font color='#FF99CC'> die Durchsage</font><br>Durchsagen
A1_6e094e344f3c0ef81461d7d63469edf5,dürfen,动词,Sie dürfen hier nicht rauchen.,1.may<br>2.allowed,这里不准吸烟。,"gedurft"
A1_a1df3db0ec71656d6a4ba1313f76a98e,Durst,名词,Hast du etwas zu trinken? Ich habe großen Durst.,1.口渴<br>2.thirst,你有喝的吗？我很渴。,<font color='#3399FF'> der Durst</font><br>—
A1_a783b73e2c07882c9b44cf81991eecd5,duschen,动词,"Ich bade nicht so gern, ich dusche lieber.",1.have a shower / shower / take a shower,我不太喜欢洗澡，我更喜欢淋浴。,"geduscht"
A1_4be52cf0e418fec6a7f704a8d6a08f21,Dusche,名词,Unsere Wohnung hat nur eine Dusche.,1.shower bath / shower,我们的公寓只有一个淋浴间。,<font color='#FF99CC'> die Dusche</font><br>Duschen
A1_55c940fb7e65012aac24f469f6c59bbe,Ecke,名词,An der nächsten Ecke links.,1.corner / angle / edge / vertex<br>2.corner,在下一个拐角处左边。,<font color='#FF99CC'> die Ecke</font><br>Ecken
A1_322f9699ac535217d746a96b8a8fd31a,Ehefrau,名词,"Meine Ehefrau fragt sich immer, warum sie mich geheiratet hat.",1.太太/妻子/內人,我的妻子总是想知道她为什么嫁给我。,<font color='#FF99CC'> die Ehefrau</font><br>Ehefrauen
A1_979be9006a8588ccf71540a6b075dee6,Ehemann,名词,Das ist mein (Ehe-) Mann/meine (Ehe-) Frau.,1.丈夫,这是我的丈夫/妻子。,<font color='#3399FF'> der Ehemann</font><br>Ehemänner
A1_4d9753e2cbdc71fe340a8c974d14ef36,Ei,名词,Möchtest du ein Ei zum Frühstück?,1.卵/卵细胞<br>2.蛋,早餐要吃鸡蛋吗？,<font color='#FFFF33'> das Ei</font><br>Eier
A1_5f640c98bca59c336d5aaedf92002763,eilig,形容词,Hast du es eilig?,1.hasty<br>2.urgent,您是不是在赶时间？,
A1_2bbc4460467f88355888a12879d55995,ein-,前缀,Ich nehme ein Bier. Willst du auch eins?,1.in,我要一杯啤酒。你也想要一个吗？,
A1_d3cc0884b6eb8a7424a4047082836e77,einfach,形容词,Die Prüfung ist ganz einfach.,1.简单/单纯<br>2.单一,测试非常简单。,
A1_4bf36f0de2267b4036d8bc08a8161116,Eingang,名词,Der Eingang ist um die Ecke.,1.入口/大门,入口就在拐角处。,<font color='#3399FF'> der Eingang</font><br>Eingänge
A1_871ce69f22f5044d474a4fd8b9691ed3,einkaufen,动词,Ich muss noch für morgen einkaufen.,1.buy / go shopping<br>2.buy in,明天我还得去买东西。,"eingekauft"
A1_cca9d3d2f8545c887810cf9867df75f2,einladen,动词,Darf ich Sie zu einem Kaffee einladen?,1.invite<br>2.invite,我可以请你喝咖啡吗？,"eingeladen"
A1_cc1dfca575f7f1b94d8fd4768d3e7d01,Einladung,名词,Danke für die Einladung!,1.invitation,感谢您的邀请！,<font color='#FF99CC'> die Einladung</font><br>Einladungen
A1_084b155b5054613089d8081205032aa1,einmal,副词,Diese Prüfung mache ich nicht noch einmal.,1.one time / once<br>2.one time / once,我不会再参加这个测试了。,
A1_d54550709eebc84210725ff1d23125ac,einsteigen,动词,"Schnell, steig ein, der Zug fährt gleich.",1.board / get in<br>2.climb in / get in / einsteigen,快点上车吧，火车马上就要开了。,"<font color='#FF6600'>sein</font> eingestiegen"
A1_50082d0fa8d25e715d4cc93252e84d93,Eintritt,名词,Der Preis für den Eintritt ist 5 Euro.,2.joining,入场费为 5 欧元。,<font color='#3399FF'> der Eintritt</font><br>Eintritte
A1_461b6e31af470da1b2c57857e681889e,Einzelzimmer,名词,Haben Sie noch ein Einzelzimmer?,1.single room,请问还有单间吗？,<font color='#FFFF33'> das Einzelzimmer</font><br>Einzelzimmer
A1_3da041ab3185f753e1017bb31bf4a70b,Eltern (pl.),-,Meine Eltern leben in Spanien.,父母（复）,我的父母住在西班牙。,
A1_c0113f364d308b1c6bb3138e67627339,E-,-,"Mail, -s Ich habe Ihre E-Mail nicht bekommen.",电子-,邮件，-s 我没有收到你的电子邮件。,
A1_889e0013996756b3434cb04de2f02c24,Empfänger,名词,"Auf dem Brief steht dein Name, also bist du der Empfänger.",1.addressee / receiver<br>2.receiver,信上有你的名字，所以你就是收件人。,<font color='#3399FF'> der Empfänger</font><br>Empfänger
A1_b3833e3452bdb13f16b4f32ae11790c4,empfehlen,动词,Welchen Wein können Sie mir empfehlen?,1.建议/引荐<br>2.remember oneself,您可以向我推荐哪款酒？,"empfohlen"
A1_449f4defede1c1b0e8b35e3614daf41f,enden,动词,Die Straße endet hier.,1.end<br>2.end,路到这里就结束了。,"geendet"
A1_37958de49a6922465be7cb2a71a8ee13,Ende,名词,Sie wohnt am Ende der Straße.,1.end<br>2.end,她住在街的尽头。,<font color='#FFFF33'> das Ende</font><br>Enden
A1_b73ac93ab834ba74475ece07e19a0d34,entschuldigen,动词,Entschuldigen Sie bitte!,1.excuse / apologize<br>2.apologize,对不起，请原谅！,"entschuldigt"
A1_5e7fdd568b18c8d7d29e1c827295206d,Entschuldigung,名词,Entschuldigung! – Bitte.,1.对不起<br>2.excuse me / excuse,打扰一下！ - 请。,<font color='#FF99CC'> die Entschuldigung</font><br>Entschuldigungen
A1_818f9c45cfa30eeff277ef38bcbe9910,er,人称代词,Er heißt Ali.,1.他,他的名字叫阿里。,
A1_cbdbdb72014d1074733ebb6e458c3eb8,Ergebnis,名词,Das Ergebnis des Tests bekommen Sie in zwei Wochen.,1.成果/结果/果,您将在两周内收到测试结果。,<font color='#FFFF33'> das Ergebnis</font><br>Ergebnisse
A1_42760d060aeb6d9c22088f0d1ae1f9e4,erklären,动词,Kannst du mir das erklären?,1.explain<br>2.state / announce / pronounce / declare,你能向我解释一下吗？,"erklärt"
A1_05dc1363150fc27201368cb6c8f98863,erlauben,动词,Rauchen ist hier nicht erlaubt.,1.allow / permit<br>2.indulge,这里禁止吸烟。,"erlaubt"
A1_675ea3e2e5a3ab92b6f694cffed29876,Erwachsene,名词,Dieser Film ist nur für Erwachsene.,1.成年人,这部电影仅供成人观看。,<font color='#FF99CC'> die Erwachsene</font><br>
A1_831a6cf28b149dd001bb2f3e8cd814e5,erzählen,动词,Wir müssen euch etwas erzählen!,1.narrate<br>2.tell,我们必须告诉你一件事！,"erzählt"
A1_12470fe406d44017d96eab37dd65fc14,es,人称代词,Es regnet.,1.I / it,下雨了。,
A1_c0ea1b785cee9fba54efbcfa9b678eb0,essen,动词,Was gibt es zu essen?,1.吃/食/喫/吃饭<br>2.吃/食/喫,有什么吃的？,"gegessen"
A1_c421f40033caf1cdc102e879a1e73869,Essen,名词,Das Essen ist heute sehr gut.,1.埃森,今天的食物非常好。,<font color='#FFFF33'> das Essen</font><br>Essen—
A1_c70af68f3a59f68a1c27e4d8ec7c3f61,euer,所有格代词,Euer Kurs beginnt heute.,1.your,你的课程从今天开始。,
A1_7192a147572e9d00f660ca3982d05a17,fahren,动词,Ich fahre mit dem Auto zur Arbeit.,1.drive / go by vehicle / cart / ride<br>2.go / cart / sail,我开车去上班。,"<font color='#FF6600'>sein</font> gefahren"
A1_671852c4fa728bdbe4b4688add690ccb,Fahrer,名词,Bitte nicht mit dem Fahrer sprechen!,1.司机<br>2.driver / chauffeur,请不要与司机说话！,<font color='#3399FF'> der Fahrer</font><br>Fahrer
A1_a8d93f1b63ba68a8ced63958465a6972,Fahrkarte,名词,Hast du schon eine Fahrkarte?,1.ticket,您已经有票了吗？,<font color='#FF99CC'> die Fahrkarte</font><br>Fahrkarten
A1_c6afe75f57380c522f82375175ed627f,Fahrrad,名词,Fährst du mit dem Fahrrad oder mit dem Auto?,1.自行车/单车/單車,您骑自行车还是开车旅行？,<font color='#FFFF33'> das Fahrrad</font><br>Fahrräder
A1_8042c2ef76e94fb1b546ec621c46c769,falsch,形容词,Das ist falsch.,1.wrong,那是错误的。,
A1_8a5a0eae251267eb349bf9db3e09712d,Familie,名词,Meine Familie lebt in Spanien.,1.家族/家庭,我的家人住在西班牙。,<font color='#FF99CC'> die Familie</font><br>Familien
A1_202d936361866f5a9ef0bc2ca00570c8,Familienname,名词,Meine Familiennamen sind García González.,1.姓/姓氏,我的姓氏是加西亚·冈萨雷斯。,<font color='#3399FF'> der Familienname</font><br>Familiennamen
A1_52b7438c976d9cc1ac0faee13cf87107,Familienstand,名词,Bei „Familienstand“ musst du „ledig“ ankreuzen.,1.marital status,在“婚姻状况”下，您必须勾选“单身”。,<font color='#3399FF'> der Familienstand</font><br>Familienstände
A1_16fd55d02a23f31097ca58eccfeec97c,Farbe,名词,Die Farbe gefällt mir gut.,1.颜色<br>2.涂料,我喜欢这个颜色。,<font color='#FF99CC'> die Farbe</font><br>Farben
A1_9810aa2b9f44401be4bf73188ef2b67d,Fax,名词,Schicken Sie uns einfach ein Fax!,1.传真<br>2.fax,只需给我们发传真即可！,Faxe
A1_ca3c748a21c41a051546efff26445dd7,Feier-,-,Am Montag ist Feiertag.,庆典-,星期一是假期。,
A1_dc625f0aeff21ca901f24d025fa67997,feiern,动词,Wir feiern heute meinen Geburtstag.,1.celebrate,今天我们庆祝我的生日。,"gefeiert"
A1_6a8f1483ae715836ed82e1d7a25ee1ba,fehlen,动词,"Herr Müller ist nicht da, er fehlt schon seit drei Tagen.",1.be short / miss / be missing / lack<br>2.be wrong,穆勒先生不在，他已经失踪三天了。,"gefehlt"
A1_52e5304c8c7dfe795117f86497f74b8d,Fehler,名词,Diesen Fehler mache ich immer.,1.mistake / error<br>2.fault / blemish / defect / flaw,我总是犯这个错误。,<font color='#3399FF'> der Fehler</font><br>Fehler
A1_6221960f54c65912c32d75cbc1d7ca00,fernsehen,动词,Wollen wir heute Abend mal fernsehen?,1.watch TV,今晚我们看电视吗？,"ferngesehen"
A1_52ce9e11976c43e5295b591279c94ed4,fertig,形容词,Bist du fertig?,1.done / ready<br>2.finished,你准备好了吗？,
A1_7f9f6b05e90a7352b034522875f68428,Feuer,名词,Haben Sie Feuer?,1.火<br>2.火,你有火吗？,<font color='#FFFF33'> das Feuer</font><br>Feuer
A1_bd65a17170e2b44d8ca0f4da4d5db28e,Fieber,名词,Mein Mann hat noch immer Fieber.,1.fever<br>2.fever,我丈夫还在发烧。,<font color='#FFFF33'> das Fieber</font><br>Fieber
A1_bae9023301664a3ea829a63c67d6f882,Film,名词,Ich möchte gern diesen Film sehen.,1.薄膜<br>2.胶卷/胶片,我想看这部电影。,<font color='#3399FF'> der Film</font><br>Filme
A1_cf0241d3f16356e5c4822b8fa50eed9a,finden,动词,Wir müssen den Schlüssel finden.,1.find,我们必须找到钥匙。,"gefunden"
A1_797b203e111a213f0b557af23b023feb,Firma,名词,Er arbeitet jetzt bei einer anderen Firma.,1.firm<br>2.company / business,他现在在另一家公司工作。,<font color='#FF99CC'> die Firma</font><br>Firmen
A1_32ec64b1f711aabac1ba4d708950df28,Fisch,名词,Ich esse gern Fisch. Fleisch mag ich nicht.,1.鱼,我喜欢吃鱼。我不喜欢吃肉。,<font color='#3399FF'> der Fisch</font><br>Fische
A1_6922415c15257081de2e6e99f0a1cf3a,Flasche,名词,"Eine Flasche Bier, bitte.",1.瓶子<br>2.loser,请给我一瓶啤酒。,<font color='#FF99CC'> die Flasche</font><br>Flaschen
A1_b68f45896156a7fcb69fd19aa4768c1a,Fleisch,名词,Fleisch mag ich nicht.,1.flesh<br>2.肉,我不喜欢吃肉。,<font color='#FFFF33'> das Fleisch</font><br>—
A1_0750ec461d117d27569dc027803af504,fliegen,动词,Ich fliege nicht gern. Deshalb fahre ich mit dem Zug.,1.fly<br>2.aviate / fly,我不喜欢飞行。这就是我坐火车的原因。,"<font color='#FF6600'>sein</font> geflogen"
A1_9db941b33fc10939732a659ed4a0e15b,abfliegen,动词,Wann fliegst du ab?,1.飞走,你什么时候走？,"<font color='#FF6600'>sein</font> abgeflogen"
A1_6070209db68f63d5adc70a01159bd96b,Abflug,名词,Der Abflug ist um 11.20 Uhr.,1.departure<br>2.takeoff,出发时间为上午 11:20,<font color='#3399FF'> der Abflug</font><br>Abflüge
A1_c2f7ea6cc86106235455bf7d1367e21d,Flughafen,名词,Kannst du mich zum Flughafen bringen?,1.飞机场,你能送我去机场吗？,<font color='#3399FF'> der Flughafen</font><br>Flughäfen
A1_425e135757720fd2248c543221e09c48,Flugzeug,名词,Das Flugzeug aus Berlin kommt heute später an.,1.飞机,从柏林起飞的飞机今天晚些时候抵达。,<font color='#FFFF33'> das Flugzeug</font><br>Flugzeuge
A1_c25208ac7e87530e65bd04df6a10d6fd,Formular,名词,Sie müssen dieses Formular ausfüllen.,1.form,您必须填写此表格。,<font color='#FFFF33'> das Formular</font><br>Formulare
A1_a5163fe21f330316158294f4b906f597,Foto,名词,Darf ich ein Foto machen?,1.照片,我可以拍照吗？,Fotos<font color='#3399FF'> der Foto</font><br>Fotos
A1_91d0da73a05428fa3323c69e001c85a1,fragen,动词,Er möchte Sie etwas fragen. Wann kommen Sie?,1.问/讯问<br>2.wonder,他想问你一些事情。你什么时候来？,"gefragt"
A1_7715636d2deccc6f6edb6ebe342248ec,Frage,名词,Ich habe eine Frage.,1.question<br>2.issue / question,我有一个问题。,<font color='#FF99CC'> die Frage</font><br>Fragen
A1_86dd3534fc5d36a81e6b25ef2eef9c52,Frau,名词,Das ist Frau Becker.,1.女人<br>2.spouse / wife,这是贝克尔女士。,<font color='#FF99CC'> die Frau</font><br>Frauen
A1_ea34c1fcf02b7ca57c0d578bacf6d2c8,frei,形容词,Ist der Platz noch frei?,1.自由<br>2.free,空间还可以吗？,
A1_1705f2691d5a246ffdf79a73969caeb7,Freizeit,名词,In meiner Freizeit spiele ich oft Fußball.,1.空暇,在我的空闲时间我经常踢足球。,<font color='#FF99CC'> die Freizeit</font><br>Freizeiten
A1_b9a362f4351c4cb2d7b0997b9911533b,fremd,形容词,Das weiß ich nicht; ich bin fremd hier.,1.strange<br>2.strange,我不知道；我是这里的陌生人。,
A1_e01839c3d5c62f02de0bd212a5ad7115,freuen,动词,Ich freue mich auf den Urlaub.,1.rejoice / be pleased / be glad / be happy<br>2.look forward to,我很期待假期的到来。,"gefreut"
A1_57b456ea676a8bb98bbff71c6f5389b4,Freund,名词,Das ist ein Freund von mir.,1.朋友,这是我的一个朋友。,<font color='#3399FF'> der Freund</font><br>Freunde
A1_17d70d33d01b20e7f1575fa54704dc71,früher,形容词,Früher waren wir oft zusammen im Kino.,1.early<br>2.former / erstwhile / used to / before / formerly,我们过去常常一起去看电影。,
A1_00aaf98724d05d84729bfbcc24759466,frühstücken,动词,Am Sonntag frühstücke ich gern im Bett.,1.breakfast<br>2.breakfast,周日我喜欢在床上吃早餐。,"gefrühstückt"
A1_2bfa2baf31588aa235001c7453b54046,Frühstück,名词,Möchtest du ein Ei zum Frühstück?,1.早餐,早餐要吃鸡蛋吗？,<font color='#FFFF33'> das Frühstück</font><br>Frühstücke
A1_f0fb5835213d01b1111c82fa81c2b5d6,Führung,名词,Die Führung durch das Haus beginnt in 3 Minuten.,1.conduct / command / direction / leadership / management<br>2.conduct / command / direction / leadership / management,房屋参观将在 3 分钟后开始。,<font color='#FF99CC'> die Führung</font><br>Führungen
A1_5b061ce050fd1bc0b8a0831ce52009fa,für,介词,Das ist für Sie.,1.for,这是给您的。,
A1_ad0fdfceaa26c24abc5420ec0e187b32,Fuß,名词,Der linke Fuß tut mir weh.,1.foot<br>2.leg,我的左脚很痛。,<font color='#3399FF'> der Fuß</font><br>Füße
A1_2c332c6d2c2a4044b055c7bfc3240adb,Fußball,名词,Spielt ihr gerne Fußball?,1.足球<br>2.football / soccer ball,你喜欢踢足球吗？,<font color='#3399FF'> der Fußball</font><br>Fußbälle
A1_d9ffbeefd5cce11b4c642895d6c35b9a,Garten,名词,Wir haben leider keinen Garten.,1.garden<br>2.plants in tubs,不幸的是我们没有花园。,<font color='#3399FF'> der Garten</font><br>Gärten
A1_0aa7015fbee329464981c3654f3119fd,Gast,名词,Am Wochenende haben wir mehrere Gäste.,1.客人/客/宾客/宾/来宾,周末我们有几位客人。,<font color='#3399FF'> der Gast</font><br>Gäste<font color='#3399FF'> der Gast</font><br>Gasten
A1_08a8b8cf7478e93b805a3b4d081e15fe,geben,动词,Kannst du mir bitte deinen Kugelschreiber geben?,1.给<br>2.有,你能把你的笔给我吗？,"gegeben"
A1_95c6f31967ea8bddd62aa418a5b556fe,geboren,形容词,Ich bin in Zagreb geboren.,1.born / nee / née,我出生在萨格勒布。,
A1_f63665d3f5c175814490218d44c62f18,Geburtsjahr,名词,"Das Geburtsjahr Ihres Sohnes, bitte?",出生年份,请问您儿子的出生年份？,<font color='#FFFF33'> das Geburtsjahr</font><br>Geburtsjahre
A1_919faaf67e1953aa59d58c367ae6470c,Geburtsort,名词,Bitte schreiben Sie Ihren Geburtsort auf das Formular.,1.birthplace,请在表格上写下您的出生地。,<font color='#3399FF'> der Geburtsort</font><br>Geburtsorte
A1_c5c0b38ed571190b92ef2995e27b0bab,Geburtstag,名词,Herzlichen Glückwunsch zum Geburtstag!,1.生日/生辰/诞/誕辰/诞辰,生日快乐！,<font color='#3399FF'> der Geburtstag</font><br>Geburtstage
A1_fcc95d9e6b6a682eab41221e697e1ff3,gefallen,形容词,Das gefällt mir.,1.fallen / please,我喜欢这样。,
A1_f033703ab5bc4bd4d1c3a85830786d2f,gegen,介词,Fahr nicht gegen den Baum!,1.into / against<br>2.against,别撞树！,
A1_fbd50dafc726b0c5d5f6e4b3dd8a4482,gehen,动词,"Ich weiß nicht, wie das geht.",1.走,我不知道该怎么做。,"<font color='#FF6600'>sein</font> gegangen"
A1_7342108aed69007b7f6993791ff8144a,gehören,动词,Wem gehört das?,1.belong,这是属于谁的？,"gehört"
A1_806492a0ee215465a4b4d7d6fb9124f7,Geld,名词,Hast du noch Geld?,1.钱,你还有钱吗？,<font color='#FFFF33'> das Geld</font><br>Gelder
A1_f38024b41c1a28301e6796f94382ca1d,Gemüse,名词,Gemüse brauchen wir auch noch.,1.蔬菜,我们还需要蔬菜。,<font color='#FFFF33'> das Gemüse</font><br>Gemüse
A1_66aa5af4951a3ff42a9300f68e7de822,Gepäck,名词,Wollen Sie Ihr Gepäck mitnehmen?,1.luggage,您想随身携带行李吗？,<font color='#FFFF33'> das Gepäck</font><br>Gepäcke
A1_a80ff070310a648aba07e2b4694983cb,gerade,形容词,Da kommt er ja gerade.,1.straight / precisely / just / especially<br>2.really / exactly / even,他就是从那里来的。,
A1_5f5c017fed8b8b2a154dde3c362e2148,geradeaus,副词,Gehen Sie immer geradeaus!,1.straight ahead,永远直走！,
A1_1cee5d4bca9b07a93628e148bfc04b9a,gern(e),-,Ich gehe gerne einkaufen.,乐意）,我喜欢去购物。,
A1_fcf939c4c90fdce9286331afd5dea7cc,Geschäft,名词,Die Geschäfte schließen um 18.30 Uhr.,1.business,商店下午 6:30 关门,<font color='#FFFF33'> das Geschäft</font><br>Geschäfte
A1_f661befda72b55349f6b199847830e81,Geschenk,名词,Danke für das schöne Geschenk.,1.礼物<br>2.礼物,谢谢你送的这份可爱的礼物。,<font color='#FFFF33'> das Geschenk</font><br>Geschenke
A1_c53295fab5ace06a1059705c426bedac,Geschwister (pl.),-,Ich habe leider keine Geschwister.,兄弟姐妹（复）,不幸的是我没有兄弟姐妹。,
A1_83756d437a0c35191d25cd77f75fbe77,Gespräch,名词,Das Gespräch mit Frau Kunz ist um 14 Uhr.,1.会话/对话<br>2.conversation / talk,Kunz 女士的采访时间为下午 2 点。,<font color='#FFFF33'> das Gespräch</font><br>Gespräche
A1_4af51c1952e2a0dea6520f55f339cea8,gestern,副词,Gestern war ich krank.,1.昨日/昨天/昨儿/昨儿个<br>2.yesterday,昨天我病了。,
A1_c02c4cb33d663ed47e09b6c8803a2989,gestorben,形容词,Meine Frau ist gestern gestorben.,1.deceased,我的妻子昨天去世了。,
A1_92e9aedd09f982c2ecc399e88951901c,Getränk,名词,Mein Lieblingsgetränk ist Tomatensaft.,1.饮料,我最喜欢的饮料是番茄汁。,<font color='#FFFF33'> das Getränk</font><br>Getränke
A1_b452f9cfcee052c98c3cc127a83eb467,Gewicht,名词,Bei „Gewicht“ schreibst du: 62 Kilo.,1.weight,在“重量”下写下：62 公斤。,<font color='#FFFF33'> das Gewicht</font><br>Gewichte
A1_bbd530588b4ddd2b9d973e217bef6e46,gewinnen,动词,Wer gewinnt das Spiel?,1.win<br>2.win,谁会赢得比赛？,"gewonnen"
A1_cd429aba22180c7f8ab73020d6d252a1,Glas,名词,Bitte noch ein Glas Wein!,1.glass,请再来一杯酒！,<font color='#FFFF33'> das Glas</font><br>Gläser<font color='#FFFF33'> das Glas</font><br>Glasen
A1_4cfa61f3e37396159e5cf45fb20a86bc,glauben,动词,"Sie können mir glauben, es ist so.",1.信仰<br>2.suppose / believe,你可以相信我，这是真的。,"geglaubt"
A1_f4f2ca86e68e46cc596705a56fd2a1c6,gleich,形容词,Das ist mir gleich.,1.immediately / similar / soon / equal / like,我不在乎。,
A1_b7de9bb6de09968c8692a0ffd56538f0,Gleis,名词,Der ICE nach Berlin hält heute an Gleis 12.,1.rail track,开往柏林的 ICE 今天停在 12 号站台。,<font color='#FFFF33'> das Gleis</font><br>Gleise
A1_050e23bbc3662565f6de9ae7a8aa406c,Glück,名词,Viel Glück!,1.fortune / Glueck / luck,祝你好运！,<font color='#FFFF33'> das Glück</font><br>—
A1_3bca1046168cf6135a80bdde14805b42,glücklich,形容词,Meine Kinder sind glücklich verheiratet.,1.lucky<br>2.快乐,我的孩子们婚姻幸福。,
A1_6b2247a0535c379a1ce5de0578a7dc4b,Glückwunsch,名词,Herzlichen Glückwunsch zum Geburtstag.,1.祝贺,生日快乐。,<font color='#3399FF'> der Glückwunsch</font><br>Glückwünsche
A1_ecae78a6f34ad30a1a8139938dd329ea,gratulieren,动词,Ich gratuliere dir!,1.congratulate,我祝贺你！,"gratuliert"
A1_eb84d69b6984e905ecad9dd15275a1da,grillen,动词,Heute grillen wir im Garten.,1.barbecue / grill,今天我们在花园里烧烤。,"gegrillt"
A1_038c4ba71c55ea4d817d37062b489fb7,groß,形容词,Mein Bruder und ich sind gleich groß.,1.large / big,我和弟弟一样高。,
A1_d248453369cf82a6a64617f1357089c5,Größe,名词,Haben Sie das auch in Größe 40?,1.size,你也有这个40码的吗？,<font color='#FF99CC'> die Größe</font><br>Größen
A1_e6365e6556ffe097c1cd9a3d6b4e5a00,Großeltern (pl.),-,Meine Großeltern leben in Japan.,祖父母（复数）,我的祖父母住在日本。,
A1_e47920ea2eb6251e757091ce679a8e66,Großmutter,名词,Meine Großmutter heißt Eva.,1.祖母/外祖母,我祖母的名字是伊娃。,<font color='#FF99CC'> die Großmutter</font><br>Großmütter只有复数形式<br>—
A1_2cdcf456a06ae1724b8f69662c0934aa,Großvater,名词,Mein Großvater ist schon 80.,1.祖父/外公/爷爷/外祖父<br>2.grandsire,我爷爷已经80岁了。,<font color='#3399FF'> der Großvater</font><br>Großväter
A1_3b77a53bb0cbab20a1d684f05c5cf8d6,Gruppe,名词,Die erste Gruppe beginnt um 16 Uhr.,1.group<br>2.group,第一组下午 4 点开始。,<font color='#FF99CC'> die Gruppe</font><br>Gruppen
A1_13d1c98eb5e970a732094559965ba512,Gruß,名词,Viele Grüße an Ihre Frau.,1.salute / salutation<br>2.问好/问候,向你的妻子致以许多问候。,<font color='#3399FF'> der Gruß</font><br>Grüße
A1_fb2a744d323021c17a33a09a0ba8a858,gültig,形容词,Der Pass ist nicht mehr gültig.,1.valid,该通行证不再有效。,
A1_c98c6136b5b195d9a2d1d35b22ef2707,günstig,形容词,Dort gibt es günstige Angebote.,1.便宜<br>2.auspicious / favorable,那里有便宜的优惠。,
A1_bd4ca3a838ce3972af46b6e2d85985f2,gut,形容词,Das finde ich gut.,1.好,我喜欢这样。,
A1_7ec04582a27335133048cbe1a9f38517,Haar,名词,Sie hat lange Haare.,1.发/毛,她有一头长发。,<font color='#FFFF33'> das Haar</font><br>Haare<font color='#FF99CC'> die Haar</font><br>—
A1_80be74ed1da939b0985cab3811d9e3b0,haben,动词,Ich habe ein neues Auto.,1.have<br>2.have got / have,我有一辆新车。,"gehabt"
A1_cfcd44e9fb9c104bc8c0791d015c058c,Hähnchen,名词,Ein Hähnchen mit Pommes bitte!,1.chicken,请一份鸡肉和薯条！,<font color='#FFFF33'> das Hähnchen</font><br>Hähnchen
A1_8561a2236db89c2fa4325b91a90859ea,Halbpension,名词,Möchten Sie Vollpension oder Halbpension?,1.half board,您想要全膳还是半膳？,<font color='#FF99CC'> die Halbpension</font><br>—
A1_d72261a58f8777c2da6598d43adbbf2b,Halle,名词,Wir treffen uns in Halle B.,1.hall,我们在B厅见面。,<font color='#FF99CC'> die Halle</font><br>Hallen—
A1_598d4c200461b81522a3328565c25f7c,hallo,感叹词,Hallo Inge! Wie geht’s?,1.喂<br>2.你好,你好英格！你好吗？,
A1_c0fc37854c0d6993c026a027d441960a,halten,动词,Dieser Zug hält nicht in Rüdesheim.,1.hold / keep<br>2.maintain / keep,这列火车不会在吕德斯海姆停靠。,"gehalten"
A1_ec2d6188c0133ce153c8badd826b351f,Haltestelle,名词,An der nächsten Haltestelle müssen Sie aussteigen.,1.stop,你必须在下一站下车。,<font color='#FF99CC'> die Haltestelle</font><br>Haltestellen
A1_a78b1ac16c0cd02168097fc9a9bd7604,Hand,名词,Er gibt mir die Hand.,1.手/巴掌<br>2.笔迹,他握了我的手。,<font color='#FF99CC'> die Hand</font><br>Hände
A1_f525aa846d36e5177cffd429d8bdca45,Handy,名词,In der Schule bitte die Handys ausmachen!,1.手机,请在学校关闭手机！,<font color='#FFFF33'> das Handy</font><br>Handys
A1_ebacf61946ee81f386960ad2a09a147e,Haus,名词,In welchem Haus wohnst du?,1.house<br>2.house,你住在哪一栋房子里？,<font color='#FFFF33'> das Haus</font><br>Häuser
A1_3644cbe6d9eb15fae20c9cfede8b38f2,Hausaufgabe,名词,Kannst du mir bei den Hausaufgaben helfen?,1.homework,你能帮我做作业吗？,<font color='#FF99CC'> die Hausaufgabe</font><br>Hausaufgaben
A1_d20ecb7332b6932bca67eaad6e862a44,Hausfrau,名词,Hausfrau ist ein sehr anstrengender Beruf.,1.家庭主婦,家庭主妇是一项非常辛苦的工作。,<font color='#FF99CC'> die Hausfrau</font><br>Hausfrauen
A1_45cb65ca850212e3a7157d16ceff2ffe,Hausmann,名词,"Die Hausfrau/der Hausmann wäscht, kocht und kauft ein.",1.househusband / stay-at-home dad / stay-at-home father,家庭主妇/丈夫洗衣、做饭和购物。,<font color='#3399FF'> der Hausmann</font><br>Hausmänner
A1_b5a3c4dc34a235086cbec5dd7ae5e61c,Heimat,名词,Ich komme aus der Schweiz. Das ist meine Heimat.,1.故乡<br>2.故乡,我来自瑞士。这是我的家。,<font color='#FF99CC'> die Heimat</font><br>Heimaten
A1_ab5474ba69276897e275a16bd38b805b,heiraten,动词,Meine Schwester heiratet einen Japaner.,1.结婚/嫁/娶,我姐姐要嫁给一个日本男人。,"geheiratet"
A1_d2ac44a3750f210221eefa5f7ab6931c,heißen,动词,Ich heiße Charlotte Meier.,1.称为/叫/称呼<br>2.call,我叫夏洛特·梅尔。,"geheißt"
A1_7ac86c2302e5cd548d8224f70f443ee0,helfen,动词,"Können Sie mir helfen, bitte?",1.帮助,你能帮我吗？,"geholfen"
A1_4229d691b07b13341da53f17ab9f2416,hell,形容词,Im Sommer ist es bis 21 Uhr hell.,1.light / bright<br>2.smart / bright / sharp,夏季，晚上 9 点之前天都是亮的。,
A1_6047009c1fd2b3a4c8ca81a6cd807faf,Herd,名词,In der neuen Küche fehlt noch der Herd.,1.hearth / stove<br>2.stove,新厨房里的炉子仍然不见了。,<font color='#3399FF'> der Herd</font><br>Herde
A1_5637d9b9874593c673287800f6944194,Herr,名词,"Guten Tag, Herr Sommer!",1.先生,下午好，夏天先生！,
A1_d89dc598d1439123e4f7538e6afa425e,herzlich,形容词,Herzlichen Glückwunsch!,1.cordial / hearty,恭喜！,
A1_0a3ada41c80ef585f0f90c1bbf78a722,heute,时间副词,Heute ist ein schöner Tag.,1.今天<br>2.now / nowadays,今天是美好的一天。,
A1_24072372acf322fe3f6b1ed476750b44,hier,副词,"Hier ist 06131-553221, Pamela Linke.",1.这里,我是 06131-553221，帕梅拉·林克。,
A1_57d0632a15db9f99170f6159657cfa66,Hilfe,名词,Hilfe! Bitte helfen Sie mir!,1.帮助,帮助！请帮我！,<font color='#FF99CC'> die Hilfe</font><br>Hilfen
A1_630f3c50193044124f76d6bbbf8c19ed,hinten,位置副词,Die Tür zum Aussteigen ist hinten.,1.at the back / at the end<br>2.far back,出口门位于后面。,
A1_80aa111ef6400d42f3d1b30036396404,Hobby,名词,Meine Hobbys sind Wandern und Schwimmen.,1.兴趣,我的爱好是徒步旅行和游泳。,<font color='#FFFF33'> das Hobby</font><br>Hobbys
A1_23c860df51db49ab82ca26089559bcfc,hoch,形容词,Der Mount Everest ist 8.880 Meter hoch.,1.高,"珠穆朗玛峰高8,880米。",
A1_562a1090bae77767893150a5ffb64d71,Hochzeit,名词,Zur dieser Hochzeit kommen mehr als fünfzig Gäste.,1.婚礼,参加这场婚礼的宾客超过五十人。,<font color='#FF99CC'> die Hochzeit</font><br>Hochzeiten<font color='#FF99CC'> die Hochzeit</font><br>Hochzeiten
A1_a99fd57d968c2ba9ad70d5d1505a3553,holen,动词,Ich hole zwei Flaschen Wasser aus der Küche.,1.fetch / get<br>2.take a breath / breathe in,我从厨房拿了两瓶水。,"geholt"
A1_57e08d80efb77c04bd2b86aade91e903,hören,动词,Hör mal! Was ist das?,1.听<br>2.obey,听！那是什么？,"gehört"
A1_26e28738b51eebd25cf4d734b33b539f,Hotel,名词,Im Urlaub sind wir in einem Hotel am Meer.,1.hotel,假期我们住在海边的一家酒店。,<font color='#FFFF33'> das Hotel</font><br>Hotels
A1_477c76e602c8cd28ffe7613110a4ec7c,Hund,名词,Der Hund ist noch jung.,1.狗/犬,狗还年轻。,<font color='#3399FF'> der Hund</font><br>Hunde
A1_5994ce026a62da8057fcb67f5ee60773,Hunger,名词,Ich habe Hunger! Wann ist das Essen fertig?,1.hunger<br>2.desire / craving / thirst / hunger,我饿了！食物什么时候准备好？,<font color='#3399FF'> der Hunger</font><br>—
A1_3cf49b0960fb2ef0ea03d0b991819630,ich,人称代词,Ich heiße Veronika.,1.I / me,我的名字是维罗妮卡。,
A1_ec5612028432a8a7763e46ca0945e48a,ihr/ihm/ihn,-,Gib ihr/ihm bitte das Buch.,她/他/他,请把书给她/他。,
A1_9c2978d69d444f1877a106030b326ac1,immer,副词,Frau Bast kommt immer zu spät.,1.always<br>2.every time / always,巴斯特女士总是迟到。,
A1_13b5bfe96f3e2fe411c9f66f4a582adf,in,介词,Ich wohne in Wiesbaden.,1.在,我住在威斯巴登。,
A1_a82be0f551b8708bc08eb33cd9ded0cf,Information,名词,"Wenn Sie Fragen haben, gehen Sie zur Information.",1.information<br>2.information,如果您有任何疑问，请前往信息。,<font color='#FF99CC'> die Information</font><br>Informationen
A1_15d7000797a33d7af16c9b052f852768,international,形容词,"Unser Deutschkurs ist international: Silvana kommt aus Italien, Conchi aus Spanien, Yin aus China ...",1.跨語言的/跨语言的,我们的德语课程是国际化的：Silvana来自意大利，Conchi来自西班牙，Yin来自中国......,
A1_c8205c7636e728d448c2774e6a4a944b,Internet,名词,Das findest du im Internet.,1.网际网路/互联网/因特网,你可以在互联网上找到它。,<font color='#FFFF33'> das Internet</font><br>—<font color='#3399FF'> der Internet</font><br>—
A1_a78c5bf69b40d464b954ef76815c6fa0,ja,答语词,Sind Sie Herr Watanabe? – Ja.,1.嗯/對,您是渡边先生吗？ - 是的。,
A1_55d67e3b8f6a2f37a6c9c2f19778fede,Jacke,名词,Zieh dir eine Jacke an. Es ist kalt.,1.coat / jacket,穿上夹克。是冷的。,<font color='#FF99CC'> die Jacke</font><br>Jacken
A1_9aba960263a807335542e7c5794c77ba,jed-,-,Blumen kannst du in jedem Bahnhof kaufen.,任何-,每个火车站都可以买到鲜花。,
A1_8176b5e1e09d201d55b9ee5ec4bf0416,jetzt,副词,Jetzt machen wir eine Pause.,1.现在<br>2.nowadays,现在让我们休息一下。,
A1_cf51066f49e517f274b8173cc265c60b,Job,名词,Jenny hat einen neuen Job bei der Post.,1.job,珍妮在邮局找到了一份新工作。,<font color='#3399FF'> der Job</font><br>Jobs
A1_22ea40f25243d8107d3918c7b6504ab4,Jugendliche,名词,Viele Jugendliche kaufen gern ein.,1.youngster / teenager / adolescent / juvenile,许多年轻人喜欢购物。,<font color='#FF99CC'> die Jugendliche</font><br>
A1_762930825dd8b0cae64e4677fa7774e3,jung,形容词,Claudia ist 21. – Was? Noch so jung?,1.年轻,克劳迪娅 21 岁。 – 什么？还这么年轻？,
A1_c59952ad5e48e4112a1179c7e3065abc,Junge,名词,Ich habe zwei Kinder. Einen Jungen und ein Mädchen.,1.男孩子,我有两个孩子。一个男孩和一个女孩。,<font color='#3399FF'> der Junge</font><br>
A1_63647051a1eb4d142a5ece8c65d4b559,Kaffee,名词,Zum Frühstück trinke ich immer Kaffee.,1.咖啡,我早餐总是喝咖啡。,<font color='#3399FF'> der Kaffee</font><br>Kaffees<font color='#FFFF33'> das Kaffee</font><br>Kaffees
A1_8cf196ee0968e8ca78ae533ff5ec21b6,kaputt,形容词,Das Glas war teuer. Es geht sehr leicht kaputt.,1.broken-down / fucked-up / kaput / broken / bust / out of order<br>2.shattered / knackered,玻璃很贵。它很容易破裂。,
A1_94ebf1e3c012bd0ca27ca630c9a48c94,Karte,名词,Ich schreibe meinen Bekannten eine Karte aus dem Urlaub.,1.card<br>2.map / card / ticket / chart / menu,我在假期里给朋友们写了一张卡片。,<font color='#FF99CC'> die Karte</font><br>Karten
A1_79df5b1bfe7e185f13a4e0abc516af38,Kartoffel,名词,Für Pommes frites braucht man Kartoffeln.,1.土豆/马铃薯,你需要土豆来做炸薯条。,<font color='#FF99CC'> die Kartoffel</font><br>Kartoffeln
A1_b5db4d00d11ecb105854f94d77f84eb8,Kasse,名词,Zahlen Sie bitte an der Kasse.,1.cash register / cash<br>2.funds,请在结账时付款。,<font color='#FF99CC'> die Kasse</font><br>Kassen
A1_8f0fb931142482d57e08ac474ed6aad7,kaufen,动词,Tim kauft sich ein neues Auto.,1.买,蒂姆买了一辆新车。,"gekauft"
A1_7b0042409be08127a7a20e17e76988cd,kein,不定代词,Es gibt keine Eintrittskarten mehr.,1.no / none,没有更多门票了。,
A1_093120a8fe0a8077bf21450fbd7b31fc,kennen,动词,"Kennen Sie diese Frau? – Nein, leider nicht.",1.know<br>2.认识,你认识这个女人吗？ - 不，不幸的是没有。,"gekannt"
A1_24c68630da5ff849748ab521a59f4328,kennenlernen,动词,Wir sind neu hier. Wir möchten Sie kennenlernen.,1.结识<br>2.get to know,我们是新来的。我们想认识您。,"kennengelernt"
A1_d626102cfc2416a570fc0dc582a9b771,Kind,名词,Wie viele Kinder haben Sie?,1.儿童/孩子<br>2.kiddo / child / kid / offspring,你有几个孩子？,<font color='#FFFF33'> das Kind</font><br>Kinder
A1_7188d79337375a05bf67cad2b789c4ac,Kindergarten,名词,Die kleine Laura geht schon in den Kindergarten.,1.nursery school / kindergarten / playschool,小劳拉已经去幼儿园了。,<font color='#3399FF'> der Kindergarten</font><br>Kindergärten
A1_acb3a05894b7c57412b2d7e911e17dd7,Kino,名词,Wir sehen heute Abend im Kino einen schönen Film.,1.电影院<br>2.movie,今晚我们要在电影院看一部好电影。,<font color='#FFFF33'> das Kino</font><br>Kinos
A1_6ac94fed85883adeadc61fcee05bed87,Kiosk,名词,"Am Kiosk bekommen Sie Getränke, Zigaretten und Zeitungen.",1.便亭<br>2.kiosk / dairy,您可以在售货亭购买饮料、香烟和报纸。,<font color='#3399FF'> der Kiosk</font><br>Kioske
A1_bcb77ac83cd9106bf6c89633ac6b2e38,klar,形容词,Kommst du mit? – Klar!,1.of course / clear / lucid,你跟我一起去吗？ - 当然！,
A1_b80de006455ace1585e472a06ac4edcb,Klasse,名词,In unserer Klasse sind fünfundzwanzig Schüler.,1.class<br>2.class,我们班有二十五个学生。,<font color='#FF99CC'> die Klasse</font><br>Klassen
A1_11bd5f47fb6db99be7d5e32170732a48,Kleidung,名词,"Wo finde ich Kleidung? – Jacken im ersten, Jeans im zweiten Stock.",1.dress / clothes / clothing,哪里可以找到衣服？ – 一楼是夹克，二楼是牛仔裤。,<font color='#FF99CC'> die Kleidung</font><br>Kleidungen
A1_89a114bef2a7ddb400826f3683ca2bf8,klein,形容词,Eltville ist eine kleine Stadt am Rhein.,1.small / little<br>2.insignificant / little,埃尔特维尔是莱茵河畔的一个小镇。,
A1_5367d983459fa88c0dbd468377c4a927,kochen,动词,Herr Georgi kann gut kochen.,1.cook / make,乔治先生厨艺很好。,"gekocht"
A1_5778a96b8bdb13a8e818f5fbb039b0ea,Koffer,名词,Ist das Ihr Koffer?,1.suitcase,那是你的手提箱吗？,<font color='#3399FF'> der Koffer</font><br>Koffer
A1_28a81d796dedbf2513421053e8a699bf,Kollege,名词,Wie heißt die neue Kollegin?,1.workmate / co-worker / colleague,新同事叫什么名字？,<font color='#3399FF'> der Kollege</font><br>Kollegen
A1_9c0d47bf8dbce8c6ea71fc32e58cb109,kommen,动词,Woher kommen Sie? – Aus Frankreich.,1.arrive / happen / come from / take place / advance / be due to / come / come on / return,你从哪来？ – 来自法国。,"gekommen"
A1_f6080be0cbaa5ccd0612f75aa632bc38,können,动词,Ich kann Deutsch und Russisch.,1.be able to / can / know<br>2.can,我会说德语和俄语。,"gekonnt"
A1_8ef1b2ce0360df8af6e52bfdab6e6e9e,Konto,名词,Das Geld überweisen wir am ersten März auf Ihr Konto.,1.account<br>2.account,我们将于 3 月 1 日将款项转入您的帐户。,<font color='#FFFF33'> das Konto</font><br>
A1_03396e52b57e75d4e01365ab20d5974b,Kopf,名词,Mein Kopf tut weh!,1.头<br>2.head,我头好痛！,<font color='#3399FF'> der Kopf</font><br>Köpfe
A1_0467d0ade6ad8337a2f7ad3585b602d2,kosten,动词,Wie viel kostet das? – 10 Euro.,1.cost / get a taste of / taste,费用多少？ – 10 欧元。,"gekostet"
A1_b1c131274a8b2121a93bfe036e528c81,krank,形容词,"Ich kann heute nicht zur Arbeit kommen, ich bin krank und liege im Bett.",1.ill / sick,我今天不能来上班，我病了，躺在床上。,
A1_6f7ef5d684b5cdcacd23c12fe6e2a1a7,kriegen,动词,Ich kriege 15 Euro in der Stunde für meine Arbeit.,1.come down with / have / get<br>2.catch / get,我的工作每小时 15 欧元。,"gekriegt"
A1_9f1d6780e10dc626a9777fb3f8513c94,Küche,名词,Der neue Herd kommt in die Küche.,1.kitchen<br>2.cooking / cuisine,新炉子进入厨房。,<font color='#FF99CC'> die Küche</font><br>Küchen
A1_e11fdc7af0d9f16bbc688401a7b652c7,Kuchen,名词,Ich nehme ein Stück Kuchen.,1.蛋糕,我要一块蛋糕。,<font color='#3399FF'> der Kuchen</font><br>Kuchen
A1_3dff25c0ea63e0be41a2ec3cbc6d677e,Kühlschrank,名词,"Haben wir noch Milch? – Ja, im Kühlschrank.",1.雪柜,我们还有牛奶吗？ – 是的，在冰箱里。,<font color='#3399FF'> der Kühlschrank</font><br>Kühlschränke
A1_a7f2708d3b492a62fdbbaafbe879275a,Kugelschreiber,名词,Hast du einen Kugelschreiber für mich?,1.ballpoint pen,你有一支笔给我吗？,<font color='#3399FF'> der Kugelschreiber</font><br>Kugelschreiber
A1_670cc5647fe2defbf325a51863eca0e2,kulturell,形容词,Ich bin kulturell interessiert. Ich gehe oft ins Museum.,1.cultural,我对文化感兴趣。我经常去博物馆。,
A1_9de392e30046ecaf855356be64852f65,kümmern,动词,Jede Mutter kümmert sich um ihre kleinen Kinder.,1.照顾<br>2.worry about,每个母亲都会照顾她的小孩子。,"gekümmert"
A1_7c56a31c25c8b14aed29fdd0e0db5dcb,Kunde,名词,"Einen Moment, bitte. Ich habe eine Kundin.",1.purchaser / news / customer / client / tidings<br>2.field / area,请稍等一下。我有一个客户。,<font color='#3399FF'> der Kunde</font><br>Kunden<font color='#FF99CC'> die Kunde</font><br>Kunden
A1_2589218df2ad6f6039a95d9d4dd979a3,Kurs,名词,Der Deutschkurs geht bis zum Sommer.,1.course / rate,德语课程持续到夏季。,<font color='#3399FF'> der Kurs</font><br>Kurse
A1_5c941644113eebae030cad64bf8cc670,kurz,形容词,Ricardo hat kurzes Haar.,1.短<br>2.短,里卡多有短发。,
A1_c0f2e50abcf3a195d1360aef841c2113,lachen,动词,Die Kinder lachen viel.,1.笑,孩子们笑得很开心。,"gelacht"
A1_18f6ee15e59ad9647428c059344d67d3,Laden,名词,Im Buchladen können Sie Bücher kaufen.,1.shop / store<br>2.shutter,你可以在书店买书。,<font color='#3399FF'> der Laden</font><br><font color='#FFFF33'> das Laden</font><br>—
A1_512ef7c688a2c8572d5e16f44e17e869,Land,名词,Italien ist ein schönes Land.,1.land / earth<br>2.country,意大利是一个美丽的国家。,<font color='#FFFF33'> das Land</font><br>
A1_7572559ca86e781ba8fe8073a0b725c6,lang,形容词,Die Jeans ist zu lang.,1.long,牛仔裤太长了。,
A1_06d1073033c7b4f821c4848e2713e050,lange,副词,Wie lange fährt der Zug von Hamburg nach Berlin?,1.long,乘火车从 汉堡 开往 柏林 需要多长时间？,
A1_837d88c69856ac1c2590e647e10f697e,langsam,形容词,Könnten Sie bitte etwas langsamer sprechen?,1.慢<br>2.step by step / slowly,你能说慢一点吗？,
A1_0b590963431720a26da74a2a192945c1,laufen,动词,"Ich möchte nicht Auto fahren, ich möchte laufen.",1.run<br>2.walk,我不想开车，我想走路。,"<font color='#FF6600'>sein</font> gelaufen"
A1_589866a4961da4ed2e7354026a936f4e,laut,形容词,Nicht so laut! Das Baby schläft.,1.高声,没那么大声！宝宝正在睡觉。,
A1_fc3bf065a6b6413ce94bc77e315f9a73,leben,动词,Sie lebt bei ihrer Schwester.,1.live,她和她姐姐住在一起。,"gelebt"
A1_79afeab88e1ebd59a017476928f83adb,Leben,名词,Das Leben in diesem Land ist teuer.,1.生命<br>2.生活,这个国家的生活很昂贵。,<font color='#FFFF33'> das Leben</font><br>Leben
A1_141d84e0bdb354319ba49509053c27e3,Lebensmittel,名词,Lebensmittel bekommen Sie im Supermarkt.,1.食品,您可以在超市购买杂货。,<font color='#FFFF33'> das Lebensmittel</font><br>Lebensmittel
A1_3561d879014cd8d355dd6f48a7de82d7,ledig,形容词,Sind Sie verheiratet? – Nein. Ledig.,1.single,你结婚了吗？ - 不，单身。,
A1_b7b64423c93a424e5b11b608cfe324ef,legen,动词,Legen Sie das Buch auf den Tisch.,1.put / lay<br>2.lay,把书放在桌子上。,"gelegt"
A1_a9b75e931e32f731ad90a18ec2bff84f,Lehrer,名词,Unsere Deutschlehrerin heißt Frau Müller.,1.老师,我们的德语老师叫Müller女士。,<font color='#3399FF'> der Lehrer</font><br>Lehrer
A1_2a72ddfcd51848416cdf5dd55f075f07,leicht,形容词,Der Koffer ist leicht.,1.轻<br>2.容易,行李箱很轻。,
A1_9385fd70d3ac514e24490fc54603286e,leider,情态副词,Leider kann ich nicht kommen. Ich muss zum Arzt.,1.可惜,不幸的是我不能来。我得去看医生。,
A1_48e4e10c9a4db4d3bdc18ea2e3cf7896,leise,形容词,Seid leise. Die anderen schlafen schon.,1.faint / low / quiet / muted / soft / softly / quietly / faintly<br>2.gently / slight / faint / slightly / gentle / faintly / light / lightly,安静。其他人都已经睡了。,
A1_b220a9d867dd0b8dcdcc7d1b66e44cb9,lernen,动词,Wie lange lernen Sie schon Deutsch?,1.学<br>2.study / learn,您学德语多久了？,"gelernt"
A1_0ee5ff4745e21026722bca7040390a93,lesen,动词,Ich lese ein Buch von García Márquez.,1.read<br>2.glean / pick,我正在读加西亚·马尔克斯写的一本书。,"gelesen"
A1_fe1b08c12482be0fc0eb475b4ea60f2c,letzt-,粘着语素,Morgen ist der letzte Kurstag.,最后的-,明天是课程的最后一天。,
A1_d2af6f548d984a7e12d26d347b2dc617,Leute (pl.),-,In der Disko sind viele Leute.,人们（复数）,迪斯科舞厅里有很多人。,
A1_c8f1ac1513293af37c9ad8dc06101be6,Licht,名词,Wo macht man hier das Licht an?,1.光,你在哪里开灯？,<font color='#FFFF33'> das Licht</font><br>
A1_8c6c5594cc05384f66d8b7c961b3f7fe,lieb-,-,"Liebe Susanne, lieber Hans.",亲爱的-,亲爱的苏珊娜，亲爱的汉斯。,
A1_11c7870f21801bb47dedfced2e0d5d49,lieben,动词,Ich liebe dich!,1.爱<br>2.have sex,我爱你！,"geliebt"
A1_fb874ccb042db135ed284e230a4fb864,lieber,副词,Sie fährt lieber mit der Bahn.,1.preferably<br>2.better / rather,她更喜欢坐火车。,
A1_7c52219e826f57fd34d7070b5492f6f1,Lieblings-,粘着语素,Mein Lieblingsfilm ist „Schwarze Augen“.,1.favorite / favourite,我最喜欢的电影是《黑眼睛》。,
A1_5ce452360a33ef698a98f91e2e5497a9,Lied,名词,Welches ist dein Lieblingslied?,1.歌曲<br>2.song,你最喜欢哪首歌？,<font color='#FFFF33'> das Lied</font><br>Lieder
A1_5a1c3a81c79a9dd5696891d40d9ee75f,liegen,动词,Um neun Uhr liegt Judith noch im Bett.,1.lie,九点钟朱迪思还躺在床上。,"gelegen"
A1_807765384d9d5527da8848df14a4f02f,links,位置副词,Gehen Sie die nächste Straße links.,1.left<br>2.left / left-wing,在下一个路口左转。,
A1_9a44a54442747bd3e3945099d75345ed,Lkw,名词,Dieser Lastkraftwagen ist sehr groß.,1.HGV,这辆卡车非常大。,<font color='#3399FF'> der Lkw</font><br>
A1_85d7564cdb8969bd775fd0e7b8b1ef0f,Lokal,名词,In unserer Straße gibt es ein neues Lokal.,1.pub / bar / restaurant,我们街上有一家新餐馆。,<font color='#FFFF33'> das Lokal</font><br>Lokale
A1_6514b0b108bc650cf13956b0d1e76b5c,Lösung,名词,Die Lösung ist ganz einfach.,1.答案<br>2.solution,解决方案非常简单。,<font color='#FF99CC'> die Lösung</font><br>Lösungen
A1_6d3ac4ba0b8e7e109c5afdecf584c06f,lustig,形容词,Frau Mertens ist lustig. Sie lacht immer.,1.funny / jocular,默滕斯女士很有趣。她总是在笑。,
A1_5be98f122b45fdaef4ffd851588edef7,machen,动词,Was machst du heute Abend?,1.作<br>2.作,今晚你在做什么？,"gemacht"
A1_0825467c3085651a7c88c6b56e39ba88,Mädchen,名词,Familie Kurz bekommt ein Baby. – Junge oder Mädchen?,1.girl<br>2.girl / maid,库尔兹一家有一个孩子。 – 男孩还是女孩？,<font color='#FFFF33'> das Mädchen</font><br>
A1_39c63ddb96a31b9610cd976b896ad4f0,man,副词,Hier darf man nicht rauchen.,1.human / man / you / but / one,这里不准吸烟。,
A1_598df6ec119ce94bc25b3df5a75a2f20,Mann,名词,Mein Mann arbeitet bei der Polizei.,1.男人,我丈夫为警察工作。,<font color='#3399FF'> der Mann</font><br>
A1_e171e6b8e060060d0ef1263c077d9a41,männlich,形容词,Kreuzen Sie bitte an: „weiblich“ oder „männlich“.,1.男<br>2.manly,请勾选：“女”或“男”。,
A1_5f6fc1526b5df5dd665a38d33d3cd9ca,Maschine,名词,Die Waschmaschine ist günstig.,1.机<br>2.machine,洗衣机很便宜。,<font color='#FF99CC'> die Maschine</font><br>Maschinen
A1_c609bd26dea41963b97335d8c2ff0e9f,Meer,名词,Wir machen Urlaub am Meer.,1.海<br>2.sea,我们要去海边度假。,<font color='#FFFF33'> das Meer</font><br>Meere
A1_5c8459afbb1d4ac5bd6c407341030a20,mehr,不定代词,Dieses Auto kostet 1.000 Euro mehr als das andere.,1.rather / more<br>2.more / longer,"这辆车比另一辆车贵了 1,000 欧元。",
A1_829692afa18756501f88158800f1a5e0,mein,所有格代词,Mein Vater ist Arzt.,1.disease / my,我的父亲是一名医生。,
A1_9c31f527dc88705b8cf648eb871cf4b8,meist-,-,Die meisten Norddeutschen sind sehr groß.,大多-,大多数北德人都很高。,
A1_322557431f822d761ef61facaad6f448,Mensch,名词,Die Menschen sind hier anders als bei uns.,1.哎呀,这里的人与我们不同。,<font color='#3399FF'> der Mensch</font><br>Menschen<font color='#FFFF33'> das Mensch</font><br>Menscher
A1_f2da611505bc4db67ebfe6014c7cc373,mieten,动词,Ich möchte ein Auto mieten.,1.rent,我想租车。,"gemietet"
A1_5d932c90c6cefc8f1a17714b9e0e2460,Miete,名词,Die Miete für diese Wohnung ist 600 Euro.,1.clamp / rent / rentage<br>2.stack / rick / rental / pile / hire,这间公寓的租金为 600 欧元。,<font color='#FF99CC'> die Miete</font><br>Mieten<font color='#FF99CC'> die Miete</font><br>Mieten<font color='#FF99CC'> die Miete</font><br>Mieten
A1_e4dcf6f1dc6553100205db02a33eb0b8,Milch,名词,Die Milch steht im Kühlschrank.,1.奶水/牛奶/母乳/乳,牛奶在冰箱里。,<font color='#FF99CC'> die Milch</font><br>
A1_72e4fb8f76b9782b79a91e549325bc6a,mit,介词,Trinken Sie den Kaffee mit Milch?,1.with<br>2.by,你喝咖啡加牛奶吗？,
A1_f3c853e9bc40bcf442b94352d43fc653,mitbringen,动词,Ich gehe einkaufen. Soll ich dir was mitbringen?,1.bring along / bring,我去购物。要我给你带点东西吗？,"mitgebracht"
A1_cefb415729e3a0d35c0f76eb79b92c35,mitkommen,动词,Ich gehe ins Kino. Kommst du mit?,1.accompany / come along / tag along<br>2.understand,我去电影院。你跟我一起去吗？,"<font color='#FF6600'>sein</font> mitgekommen"
A1_5cb8668e410f114a9626423848ff0c16,mitmachen,动词,Warum macht ihr nicht mit?,1.join in / participate,你为什么不加入呢？,"mitgemacht"
A1_edd8c317d7032c012245d39a9f785bfc,mitnehmen,动词,Nehmen wir meine Schwester ins Kino mit?,1.take with<br>2.keep / take,我们带我妹妹去看电影好吗？,"mitgenommen"
A1_28c13c33c92913e625911ed34a90b412,Mitte,名词,Der Lehrer steht in der Mitte des Klassenzimmers.,1.center / Mitte / centre<br>2.center / middle / centre,老师站在教室中间。,<font color='#FF99CC'> die Mitte</font><br>Mitten
A1_c36715d476abdb4fe0e4cccc3a2300a3,Möbel (pl.),-,Sind die Möbel neu?,家具（复）,家具是新的吗？,
A1_0ea2feeba4a95b56ed8730a12a6861d0,möchten,动词,Was möchten Sie trinken?,想,你想喝点什么？,""
A1_d3002347a5b779bc642186264f37cbbf,mögen,动词,Magst du Kaffee oder Tee?,1.like / may,你喜欢咖啡还是茶？,"gemocht"
A1_fdde276ac61a5f9e2a30e669ba428e28,möglich,形容词,Mit dieser Fahrkarte ist die Fahrt ab 9 Uhr möglich.,1.possible<br>2.potential,持此票您可以从上午 9 点开始出行。,
A1_9cbb6f79af08b826b7b3407f23064106,Moment,名词,Moment mal bitte!,1.just a minute / one minute / moment,请稍等！,<font color='#3399FF'> der Moment</font><br>Momente<font color='#FFFF33'> das Moment</font><br>Momente
A1_9c1b2069a0f6651e03fcd177ad6d0574,morgen,副词,Morgen beginnt die Schule um 10 Uhr.,1.明儿/明天/明儿个,明天上午 10 点学校开始上课。,
A1_ff9dfd03a43500479850caadfbf2e0fe,müde,形容词,Ich bin müde. Ich gehe schlafen.,1.tired / sleepy<br>2.tired,我累了。我要去睡觉。,
A1_3dff54c5219d8e49bb03125765fdd577,Mund,名词,Öffnen Sie den Mund.,1.mouth / mund,张开嘴。,<font color='#3399FF'> der Mund</font><br>Münder<font color='#FF99CC'> die Mund</font><br>-
A1_c2d019338c254cb04c2c921fee44e128,müssen,动词,Ich muss jeden Tag von 8 Uhr bis 18 Uhr arbeiten.,1.have to / must,我必须从早上 8 点工作到下午 6 点。每天。,"gemusst"
A1_d9eece7f90d8d40b6c391a236a8e8f59,Mutter,名词,Frau Berghäuser ist die Mutter von Michaela.,1.Mother / Mum / nut / Mom / mother,Berghäuser 女士是米凯拉的母亲。,<font color='#FF99CC'> die Mutter</font><br>Mütter<font color='#FF99CC'> die Mutter</font><br>Muttern只有复数形式<br>—
A1_305ed74ef71a316828e0f28d0941918e,nach,介词,Ich gehe jetzt nach Hause.,1.to<br>2.at / for,我现在要回家了。,
A1_202ad13d17a10f7ddbd8ca7180e0b29b,nächst-,-,Sehen wir uns nächste Woche?,下一个-,我们下周见吗？,
A1_49ee3087348e8d44e1feda1917443987,Name,名词,Mein Name ist Thomas Schmidt.,1.名字,我的名字是托马斯·施密特。,<font color='#3399FF'> der Name</font><br>Namen
A1_5f7d97a9cfe54d25e0b4edd0f375838b,nehmen,动词,Heute gibt es Hähnchen. Das nehme ich.,1.取/拿<br>2.have / take,今天我们有鸡肉。我会接受的。,"genommen"
A1_cabab3467223e23dc752e1a979647bd6,nein,答语词,"Fährst du auch nach München? – Nein, ich habe keine Zeit.",1.不,你也去慕尼黑吗？ – 不，我没有时间。,
A1_83e71d83b2dcea23dcab3b64182494cc,neu,形容词,Ich bin der neue Kollege.,1.new,我是新同事。,
A1_7035ab20c5b92c7c012d6eaf820d6f66,nicht,副词,Das stimmt nicht.,1.不,那不是真的。,
A1_2ed0ab8500360eebe4f0e250e2922145,nichts,不定代词,Das macht nichts.,1.nothing,那没关系。,
A1_d8bd8e4fa443e49f41597ef14b65a548,nie,副词,Er kommt nie pünktlich.,1.never,他从来不准时来。,
A1_5eff5973ded04ddf7ba49ff247ec264f,noch,副词,Vielleicht kommt er noch.,1.yet / still,也许他会来。,
A1_fea087517c26fadd409bd4b9dc642555,normal,形容词,75 kg. Sein Gewicht ist normal.,1.normal,75公斤。他的体重正常。,
A1_a6b7089fcf43a67764ca850c1e4661d5,Nummer,名词,Sie haben Zimmer Nummer zwölf.,1.编号/号码/数字<br>2.编号/号码/数字,你的房间号是十二号。,<font color='#FF99CC'> die Nummer</font><br>Nummern
A1_b55178b011bfb206965f2638d0f87047,nur,焦点语气词,Ich möchte nur ein Glas Wasser.,1.只有<br>2.just,我只想要一杯水。,
A1_a8bacab397bb51daab2b5a5ca2d0ce2a,oben,位置副词,Ich wohne oben.,1.above,我住在楼上。,
A1_eb9e2dc1e267482c8219770e1bdd16ba,Obst,名词,Im Sommer ist das Obst billig.,1.水果/果,夏天的水果很便宜。,<font color='#FFFF33'> das Obst</font><br>—
A1_55c4e4828c1b00e077512c9b5abff931,oder,连词,Wann können Sie kommen – heute oder morgen?,1.or / isn't it / else,你什么时候能来——今天还是明天？,
A1_871dc12a4a86070e4d1b975dad0cd5f5,öffnen,动词,Ich öffne die Tür.,1.open,我打开门。,"geöffnet"
A1_f25cb9b0c8554b2e89fa9fb3b49336c8,geöffnet,形容词,Der Laden ist samstags bis 16.00 Uhr geöffnet.,1.open / opened,商店每周六营业至下午 4 点。,
A1_53e8e820ace8d675ad8a9572f434baa5,oft,副词,Petra treffe ich oft.,1.frequently / often<br>2.often,我经常见到佩特拉。,
A1_2b46b978389b9dfb5e0f64b71cca2dee,ohne,介词,Ohne Geld kann er nichts kaufen.,1.without,没有钱他什么也买不了。,
A1_5d4727a2581db8373e30d53142c3ccc2,Öl,名词,Den Salat machen wir ohne Öl.,1.油,我们做沙拉时不加油。,<font color='#FFFF33'> das Öl</font><br>Öle
A1_65ce3a3273d08b6fbe6dea096120d32d,Oma,名词,Meine Oma ist schon tot.,1.奶奶/姥姥/外婆<br>2.granny / gran,我奶奶已经死了。,<font color='#FF99CC'> die Oma</font><br>Omas
A1_d506be2f013e8d7c9e1144e3dc29804a,Opa,名词,Mein Opa heißt Hans.,1.外公/爺爺/老爺,我祖父的名字是汉斯。,<font color='#3399FF'> der Opa</font><br>Opas
A1_0b5759b68ab46e60d1370de697787ac4,Ordnung,名词,Das ist in Ordnung.,1.order<br>2.目,没关系。,<font color='#FF99CC'> die Ordnung</font><br>Ordnungen
A1_473390974397014edf78846c8f0e93b3,Ort,名词,Der Ort liegt am Meer.,1.site / place / situation / end / location / spot / termination<br>2.town / place / settlement / human settlement,这个地方在海边。,<font color='#3399FF'> der Ort</font><br><font color='#FFFF33'> das Ort</font><br>Örter
A1_c1350d83c54d888066ad37a2d5b1f2f6,Papier,名词,Hier sind Papier und Bleistift.,1.纸<br>2.paper,这里有纸和铅笔。,<font color='#FFFF33'> das Papier</font><br>Papiere
A1_6ad106dfd6e341aeee38a09a3b007c8d,Papiere (pl.),-,Haben Sie Ihre Papiere dabei?,论文（pl.）,你带证件了吗？,
A1_6f041af43be87a195bd3f075922f344a,Partner,名词,Die Schüler suchten sich je einen Partner und bastelten gemeinsam Weihnachtssterne.,1.associate<br>2.partner,学生们各自选了一个伙伴，一起制作了一品红。,<font color='#3399FF'> der Partner</font><br>Partner
A1_b830813d816350a2a03cfe716a830a2b,Partnerin,名词,Sie ist meine Partnerin.,伙伴,她是我的伙伴。,<font color='#FF99CC'> die Partnerin</font><br>Partnerinnen
A1_094a173d3b32f44f5b5c996e8710ae28,Party,名词,Heute Abend machen wir eine Party.,1.party / do,今晚我们要举办一个聚会。,<font color='#FF99CC'> die Party</font><br>Partys
A1_b9b57aae83585e17ede4570dcede353c,Pass,名词,Im Hotel brauchst du deinen Pass.,1.passport<br>2.pass,您需要在酒店出示护照。,<font color='#3399FF'> der Pass</font><br>Pässe
A1_105b296a83f9c105355403f3332af50f,Pause,名词,Von 12.00 bis 12.30 Uhr haben wir Mittagspause.,1.break / pause,我们从中午 12:00 开始午休。至中午 12:30,<font color='#FF99CC'> die Pause</font><br>Pausen<font color='#FF99CC'> die Pause</font><br>Pausen
A1_0b6cbdf7ad2928078f1600a3e8979485,Plan,名词,Ich kaufe mir einen Stadtplan.,1.plan<br>2.map,我买了一张城市地图。,<font color='#3399FF'> der Plan</font><br>Pläne
A1_f235a45aeaabe727107be51d85694f8a,Platz,名词,"Tut mir leid, der Platz ist besetzt.",1.circus / plaza / square<br>2.place,抱歉，座位已满。,<font color='#3399FF'> der Platz</font><br>Plätze
A1_00b6bec35ce443d67a9db48f7825a04b,Polizei,名词,Holen Sie die Polizei!,1.警察,打电话叫警察！,<font color='#FF99CC'> die Polizei</font><br>Polizeien
A1_e38e019652bcacb28fc006d7740d2225,Pommes frites (pl.),-,Die Kinder essen Hähnchen mit Pommes frites.,炸薯条（复）,孩子们吃鸡肉和炸薯条。,
A1_03d947a2158373c3b9d74325850cb8b9,Post,名词,"Wo ist die Post, bitte?",1.郵件,请问邮局在哪里？,<font color='#FF99CC'> die Post</font><br>Posten<font color='#3399FF'> der Post</font><br>Posts
A1_40acacf0ea58a92bf922a6b16e5c097a,Postleitzahl,名词,Wie ist Ihre Postleitzahl?,1.邮政编码,您的邮政编码是什么？,<font color='#FF99CC'> die Postleitzahl</font><br>Postleitzahlen
A1_78554fea2cbbe84efe124a1ed92e3497,Praktikum,名词,Ich mache ein Praktikum bei Siemens.,1.internship / work experience<br>2.practical training / practicum,我在西门子实习。,<font color='#FFFF33'> das Praktikum</font><br>Praktika
A1_5495888f8aae05023409b5cf853bbbce,Praxis,名词,Die Praxis ist ab acht Uhr geöffnet.,1.practice,练习从八点开始开放。,<font color='#FF99CC'> die Praxis</font><br>
A1_17a2725097ccbce4b0bbe1b69fb49aaf,Preis,名词,Die Preise sind hoch.,1.price<br>2.prize,价格很高。,<font color='#3399FF'> der Preis</font><br>Preise
A1_df0f20d62dc4ba9c471fdeef6751ec5f,Problem,名词,Mein Problem ist die Sprache.,1.问题,我的问题是语言。,<font color='#FFFF33'> das Problem</font><br>Probleme
A1_40fb82f2876c0aa0734ecca6b3457797,Prospekt,名词,Bitte schicken Sie mir einen Prospekt von Ihrem Hotel.,1.leaflet / pamphlet / brochure,请给我寄一份您酒店的小册子。,Prospekte
A1_99ee12eacf65225cf63c61d59c04cd95,Prüfung,名词,Die Prüfung ist am Montag um 8.00 Uhr.,1.考试<br>2.examination / validation / exam,考试时间为周一上午 8:00。,<font color='#FF99CC'> die Prüfung</font><br>Prüfungen
A1_5b5a994843df683616a4a96faddc5f77,pünktlich,形容词,Der Bus fährt pünktlich um acht Uhr.,1.punctual,公共汽车八点准时出发。,
A1_91490fb67a25cc9413dd808d12ebc170,Rad fahren,动词,Das Kind kann schon Rad fahren.,1.自行车,孩子已经会骑自行车了。,"<font color='#FF6600'>sein</font> Rad gefahren"
A1_75ffa6903d95333c162806b45743863a,rauchen,动词,Ich rauche nicht.,1.smoke<br>2.smoke,我不抽烟。,"geraucht"
A1_c1adc72bd053e456d1b2caa8482d2195,Raum,名词,Der Unterricht ist in Raum 332.,1.space<br>2.room,班级在332室。,<font color='#3399FF'> der Raum</font><br>Räume
A1_6e36bed3022f5a88d3f943bbc5fc2ef3,Rechnung,名词,"Die Rechnung, bitte.",1.bill<br>2.invoice,我要买单。,<font color='#FF99CC'> die Rechnung</font><br>Rechnungen
A1_ddf98db81c93687f179143674c342b39,rechts,位置副词,Die Schillerstraße ist hier rechts.,1.right<br>2.right / right-wing,席勒大街（Schillerstrasse）就在右边。,
A1_df591f0b481a799754c200ef4c2843c1,regnen,动词,Heute regnet es.,1.下雨<br>2.rain,今天下雨了。,"geregnet"
A1_76b89bb870f441a9c97f98cbfa8b924a,Regen,名词,Bei diesem Regen gehe ich nicht raus.,1.雨,这么大的雨我不会出去。,<font color='#3399FF'> der Regen</font><br>Regen<font color='#3399FF'> der Regen</font><br>—
A1_cfee0b562cb5873f8c04f471841b81d9,Reis,名词,Ich esse gern Reis.,1.journey / sprout / rice / shoot,我喜欢吃米饭。,<font color='#3399FF'> der Reis</font><br>Reise<font color='#FFFF33'> das Reis</font><br>Reiser
A1_45153f0aec180d508b77a452ce66bf44,reisen,动词,Ich reise gern.,1.travel,我喜欢旅行。,"<font color='#FF6600'>sein</font> gereist"
A1_e976e41f657d5ed3b74363c55ed21dd4,Reise,名词,Wir machen eine Reise nach Österreich.,1.journey / voyage / travel / trip,我们要去奥地利旅行。,<font color='#FF99CC'> die Reise</font><br>Reisen
A1_dd51493bd2f6f4a4289a8fad3185ecb8,Reisebüro,名词,Mein Mann arbeitet im Reisebüro.,1.travel agency,我丈夫在一家旅行社工作。,<font color='#FFFF33'> das Reisebüro</font><br>Reisebüros
A1_abbc21f1fe14c37b75787d85c4d68114,Reiseführer,名词,Ich kaufe mir einen Reiseführer von Berlin.,1.guide<br>2.guide,我买了一本柏林旅行指南。,<font color='#3399FF'> der Reiseführer</font><br>Reiseführer
A1_9431c70a2bb9f72034121540bdb5299c,reparieren,动词,Er hat das Fahrrad repariert.,1.repair,他修好了自行车。,"repariert"
A1_f9ce986cd3377eb6f6915b2f197fd2e0,Reparatur,名词,Die Reparatur ist sehr teuer.,1.修理,维修费用非常昂贵。,<font color='#FF99CC'> die Reparatur</font><br>Reparaturen
A1_e197a9ccf40b776f31368105d1aa8c4b,Restaurant,名词,Wir essen heute in einem Restaurant.,1.restaurant,今天我们在一家餐馆吃饭。,<font color='#FFFF33'> das Restaurant</font><br>Restaurants
A1_246742071fd539d2e30bc1d5482329e3,Rezeption,名词,Fragen Sie bitte im Hotel an der Rezeption.,1.reception / reception desk,请向酒店前台询问。,<font color='#FF99CC'> die Rezeption</font><br>Rezeptionen
A1_3c4e3ebba9a52d084e900697fe42f0cc,richtig,形容词,Habe ich das richtig verstanden?,1.really / right / correct / real / correctly / exact / properly,我理解正确吗？,
A1_7215736e4230a6e6b34285e56d0e09d1,riechen,动词,Dieser Wein riecht gut.,1.smell<br>2.smell,这酒闻起来很香。,"gerochen"
A1_cda266b753457d17a76457795431739d,ruhig,形容词,Ich möchte ein ruhiges Zimmer.,1.silent / quiet / still<br>2.silent / quiet / still,我想要一个安静的房间。,
A1_d937aad46ff37ee678ce0748651176f6,Saft,名词,Möchtest du einen Apfelsaft?,1.汁<br>2.juice,您想要一些苹果汁吗？,<font color='#3399FF'> der Saft</font><br>Säfte
A1_facde3dbe1ef4c843a57e9c5da6b537b,sagen,动词,"Sag mal, wie geht es dir denn?",1.说<br>2.告诉,告诉我，你好吗？,"gesagt"
A1_dc359716e7dfe01d5118fda2d4a1e788,Salat,名词,Wie schmeckt dir der Salat?,1.生菜<br>2.salad,你觉得沙拉怎么样？,<font color='#3399FF'> der Salat</font><br>Salate
A1_52fa8789de7efc87c99c4771fc057bd6,Salz,名词,"Herr Ober, kann ich bitte Salz haben?",1.salt<br>2.sal / salt,服务员，能给我加点盐吗？,<font color='#FFFF33'> das Salz</font><br>Salze
A1_6494a39b516358ec8c8106b1ba8e3a4d,Satz,名词,Dieser Satz ist sehr einfach.,1.sentence / period<br>2.set,这句话很简单。,<font color='#3399FF'> der Satz</font><br>Sätze
A1_3e5b77f7c0ab2abac34985061a5ac663,S-Bahn,名词,Ich nehme lieber die S-Bahn.,1.commuter railway / S-train / rapid-transit railway / suburban railway<br>2.rapid-transit train,我更喜欢乘坐 S-Bahn。,<font color='#FF99CC'> die S-Bahn</font><br>S-Bahnen
A1_b2adce60db35af7a3bdf90348e323aea,Schalter,名词,Gehen Sie bitte zum Schalter drei!,1.switch<br>2.counter,请前往三号柜台！,<font color='#3399FF'> der Schalter</font><br>Schalter
A1_616888d04d403d8cabdc4017bf850878,scheinen,动词,Die Sonne scheint.,1.shine<br>2.seem,阳光明媚。,"geschienen"
A1_013927c0bf3ae2331d09d2e80edfc538,schicken,动词,Bitte schicken Sie mir eine E-Mail.,1.consign / send,请给我发电子邮件。,"geschickt"
A1_d11dfb3824e603ffb3828ad8c6ccbb43,Schild,名词,Haben Sie nicht das Schild gesehen?,1.shield / sign,你没看到标志吗？,<font color='#3399FF'> der Schild</font><br>Schilde<font color='#FFFF33'> das Schild</font><br>Schilder
A1_d4b5863d21ecd7fa3accfcd02c7615b1,Schinken,名词,Ich möchte gern ein Schinkenbrot.,1.火腿<br>2.ham,我想要一个火腿三明治。,<font color='#3399FF'> der Schinken</font><br>Schinken
A1_c2dc4ae0aa6c2a91ec5db878f9d0c837,schlafen,动词,Ich schlafe meistens acht Stunden.,1.睡觉/眠/睡<br>2.过夜/宿,我通常睡八个小时。,"geschlafen"
A1_b3ac108b47624a7d7947e220a0a50bfe,schlecht,形容词,Mir ist schlecht!,1.不好/错<br>2.poor / bad,我觉得恶心！,
A1_985f31be0f22ecfcb7ddc0a8673d1bc6,schließen,动词,"Bitte, schließen Sie die Tür.",1.shut / close<br>2.fasten,请把门关上。,"geschlossen"
A1_52644124271acc06ad104fc3cff72e27,geschlossen,形容词,Die Bank hat am Samstag geschlossen.,1.closed<br>2.unanimous / united,银行周六不营业。,
A1_b4ff74e96086852f7f81c38712e83842,Schluss,名词,Ich muss jetzt Schluss machen.,1.end / close / termination / conclusion<br>2.closure,我现在必须分手了。,<font color='#3399FF'> der Schluss</font><br>Schlüsse
A1_0f511d362346c2f658bb594d5b04224e,Schlüssel,名词,Ich gebe Ihnen noch den Zimmerschlüssel.,1.钥匙<br>2.key,我会给你房间钥匙。,<font color='#3399FF'> der Schlüssel</font><br>Schlüssel
A1_e2a6fc674c43c32874db93800d14950e,schmecken,动词,Schmeckt das gut?,1.smack / taste<br>2.taste,味道好吗？,"geschmeckt"
A1_ed9ea4fe0ce8526871b76deeec7daa1e,schnell,形容词,Er fährt schnell.,1.rapid / quick / swift / fast,他开得很快。,
A1_a679e47d536816ff92c0f8e28c09a0ad,schon,副词,Ist das Essen schon fertig?,1.已经,食物准备好了吗？,
A1_088c4e6cb8f58a83cb0e76d27dd896ce,schön,形容词,Schönen Urlaub!,1.美,祝您假期愉快！,
A1_77e3b02fdd0459c0e0b7ad58e2c9ba21,Schrank,名词,Die Gläser stehen im Schrank.,1.cupboard / wardrobe / closet / cabinet,眼镜在柜子里。,<font color='#3399FF'> der Schrank</font><br>Schränke
A1_80170c175e4d225ae5a6d3e565b56100,schreiben,动词,Er schreibt jeden Tag fünfzig E-Mails.,1.写<br>2.write,他每天写五十封电子邮件。,"geschrieben"
A1_424ee450e042e66a160acc1dacb4b728,Schuh,名词,Zieh die Schuhe aus!,1.鞋,脱掉你的鞋子！,<font color='#3399FF'> der Schuh</font><br>Schuhe
A1_f587e02939ff7f0474ad57eeb0e39e8c,Schule,名词,Meine Tochter geht schon in die Schule.,1.school,我女儿已经去上学了。,<font color='#FF99CC'> die Schule</font><br>Schulen
A1_3a89a5e211dac9407b01887308f76f89,Schüler,名词,In meinem Kurs sind acht Schülerinnen und fünf Schüler.,1.学生<br>2.disciple,我班有八个男生和五个女生。,<font color='#3399FF'> der Schüler</font><br>Schüler
A1_8caed72b642ccde6bdcaf6c79dc17227,schwer,形容词,Ist Ihr Gepäck sehr schwer?,1.重,你的行李很重吗？,
A1_36c0e58589bdce086dbed1f5f88b5971,Schwester,名词,Meine Schwester kommt am Dienstag.,1.妹妹/姐妹/姐姐/姊妹<br>2.nurse,我姐姐星期二来。,<font color='#FF99CC'> die Schwester</font><br>Schwestern
A1_d02660fc281b3f4d1ed83e1d861b1517,schwimmen,动词,Ich schwimme jeden Tag einen Kilometer.,1.游水/泅水,我每天游一公里。,"<font color='#FF6600'>sein</font> geschwommen"
A1_80b97cc625d9dc203e0b0856c9e5e026,Schwimmbad,名词,Kommst du mit ins Schwimmbad?,1.pool / swimming bath / swimming pool,你来游泳池吗？,<font color='#FFFF33'> das Schwimmbad</font><br>Schwimmbäder
A1_4ff2e716a7d06ce5274b4090b39abad3,See,名词,"Komm, wir fahren zum Starnberger See.",1.湖泊/海,走吧，我们去施塔恩贝格湖吧。,<font color='#3399FF'> der See</font><br>Seen<font color='#FF99CC'> die See</font><br>Seen
A1_062786e59892e11d74c1ed0d6475aaa7,sehen,动词,Ich kann dich nicht sehen.,1.看见/看<br>2.view / see,我看不到你。,"gesehen"
A1_8d9f2cfcee051c1493e89b2cfe286565,Sehenswürdigkeit,名词,Welche Sehenswürdigkeiten gibt es in Frankfurt?,1.sight / tourist attraction,法兰克福有哪些景点？,<font color='#FF99CC'> die Sehenswürdigkeit</font><br>Sehenswürdigkeiten
A1_219d54a7bf634121fbf16bea82d434e1,sehr,程度语气词,Danke sehr!,1.很<br>2.much,非常感谢！,
A1_af1f8d9839dd6ffefedebab89761ee7e,sein,动词,Herr Müller ist in seinem Zimmer.,1.是<br>2.be / its,穆勒先生在他的房间里。,"<font color='#FF6600'>sein</font> gewesen"
A1_14b83f1acf166d54f095cb27fe89490e,an sein,动词,Das Licht ist noch an.,1.switch on / burn / be on,灯还亮着。,"<font color='#FF6600'>sein</font> an gewesen"
A1_7450456d0af6c0482312247269193591,auf sein,动词,Das Fenster ist noch auf.,起床,窗户还开着。,"<font color='#FF6600'>sein</font> auf gewesen"
A1_9f6926ae191a9480af6e91beba0f7843,weg sein,-,Herr Meier ist schon weg.,离开,迈尔先生已经走了。,
A1_a4a577a3219b5454dd5f041b0b2c516b,zu sein,-,Die Tür ist zu.,成为,门关着。,
A1_083dac28675ca186fc68a7fe352110cf,seit,介词,Ich wohne seit drei Jahren in Köln.,1.since,我在科隆生活了三年。,
A1_79539a4f18d1e25b0995a598c1e2fd9f,selbstständig,形容词,Er ist selbstständig.,1.independent / self-reliant<br>2.self-employed,他是独立的。,
A1_1ef8258682e74a03d5ba1c2e4b826c21,sich,反身代词,Sie müssen sich erst anmelden.,1.oneself / himself / itself / herself<br>2.themselves,您必须先注册。,
A1_16b3a716ae6977112e2f5e31ccb350fb,sie,人称代词,Wie heißt sie?,1.她<br>2.他们,她叫什么名字？,
A1_f17c5d28da44d331d02187a4550d9f97,Sie,人称代词,"Wie heißen Sie, bitte?",1.您,请问你叫什么名字？,
A1_d860ba8aad6744ac81e2ea580ade9889,sitzen,动词,Wo sitzen Sie?,1.sit,你坐在哪里？,"gesessen"
A1_b807023f87e63b8ada92f79f546ff9cc,so,连词,Sie müssen das so machen!,1.such / as / kind of / so / then<br>2.be like,你必须这样做！,
A1_528f274c304a5bad6e5147d9c26774f5,Sofa,名词,Das Sofa ist neu.,1.settee / lounge / sofa / couch,沙发是新的。,<font color='#FFFF33'> das Sofa</font><br>Sofas
A1_120bdbb7157b1050d6e74dc25dd8e6e8,sofort,时间副词,Bitte antworten Sie sofort.,1.instantly / immediately,请立即回复。,
A1_15ac7bcb88e9d044aeba8209fd54ba7b,Sohn,名词,"Das ist Hans, mein Sohn.",1.兒子,这是汉斯，我的儿子。,<font color='#3399FF'> der Sohn</font><br>Söhne
A1_23a9cfacb6cbaf31d8ed2ede5e9db479,sollen,动词,Soll ich kommen?,1.shall<br>2.should,我来吗？,"gesollt"
A1_973433b9b55da105a629e8312be49293,Sonne,名词,Die Sonne scheint.,1.日/太阳<br>2.日,阳光明媚。,<font color='#FF99CC'> die Sonne</font><br>Sonnen
A1_5d67a4850a7e800ebcecb909281d7ed2,spät,形容词,"Es ist schon spät, ich muss gehen.",1.晚<br>2.late,已经很晚了，我得走了。,
A1_4ff5c9887956b1bfa2468df74aa3efb8,später,形容词,Das können wir später machen.,1.later<br>2.later / later on / future,我们可以稍后再做。,
A1_71a2b8acc89ef7040c9a94f1cc1a3e4d,Speisekarte,名词,"Bringen Sie mir die Speisekarte, bitte.",1.menu,请给我菜单。,<font color='#FF99CC'> die Speisekarte</font><br>Speisekarten
A1_5a14032547db8e02c0e68d6e00221062,spielen,动词,Die Kinder spielen draußen.,1.玩/打<br>2.弹/拉,孩子们正在外面玩耍。,"gespielt"
A1_96faa3e6c45bb5a07bcc0bcd3be37654,Sport,名词,Ich mache viel Sport.,1.运动<br>2.sport / sports,我做很多运动。,<font color='#3399FF'> der Sport</font><br>Sporte
A1_ff940ad7740516663c385c2e3837fec0,Sprache,名词,Welche Sprachen sprichst du?,1.language / speech<br>2.语言,你会说哪几种语言？,<font color='#FF99CC'> die Sprache</font><br>Sprachen
A1_a34d904bee6c45cb825309c6184bb404,sprechen,动词,Kann ich (mit) Herrn Klein sprechen?,1.讲话,我可以和克莱因先生通话吗？,"gesprochen"
A1_c05fc5cd8ba6911178b3200da05cd1e3,Stadt,名词,Heidelberg ist eine alte Stadt.,1.城市<br>2.town / city,海德堡是一座古老的城市。,<font color='#FF99CC'> die Stadt</font><br>Städte
A1_a4a824d4959102e038eb2e55a6f8c1b6,stehen,动词,"Ich glaube es nicht, aber es steht in der Zeitung.",1.stand<br>2.be,我不相信，但报纸上有这样的报道。,"gestanden"
A1_240e8eb3c04b79c2b88c7c4a138d12cf,Stelle,名词,Ich habe eine neue Stelle.,1.job<br>2.digit,我有一份新工作。,<font color='#FF99CC'> die Stelle</font><br>Stellen
A1_983579a8f74306d81dace23c50b3ab06,stellen,动词,Stell die Tasche rechts in die Ecke!,1.put / place / plant / stand<br>2.set / adjust,把袋子放在右边的角落里！,"gestellt"
A1_27ce7f8b5623b2e2df568d64cf051607,Stock,名词,Unsere Wohnung liegt im ersten Stock.,1.baton / walking stick / stick,我们的公寓位于一楼。,<font color='#3399FF'> der Stock</font><br>
A1_a763ca073cfda1fce8a14f2f0cc84591,Straße,名词,In welcher Straße wohnen Sie?,1.road / street<br>2.street,你住在哪条街上？,<font color='#FF99CC'> die Straße</font><br>Straßen
A1_4ccf40b9986ac045db683c5703e9eb96,Straßenbahn,名词,Wo fährt die Straßenbahn ab?,1.有轨电车,有轨电车从哪里出发？,<font color='#FF99CC'> die Straßenbahn</font><br>Straßenbahnen
A1_d803efdecb1996b3f2da3f6501e02450,studieren,动词,Ich studiere in Mainz.,1.学习/学,我在美因茨学习。,"studiert"
A1_f6cd33b827fad9d8ab47d1b02e47a64e,Studium,名词,Das Studium beginnt im Oktober.,1.学<br>2.studies,研究将于十月开始。,<font color='#FFFF33'> das Studium</font><br>Studien
A1_f5c0a1c9384c2e25e79ba1abf5d9a037,Student,名词,Ich bin Studentin.,1.学生,我是一名学生。,<font color='#3399FF'> der Student</font><br>Studenten
A1_366705e2c00ca7775fa25bebf559acc1,Stunde,名词,Ich bin in einer Stunde zurück.,1.hour<br>2.time,我一小时后回来。,<font color='#FF99CC'> die Stunde</font><br>Stunden
A1_f09ec9361f35d16644645ea74d3e1675,suchen,动词,Suchst du etwas?,1.探求/寻找/搜索,你在找东西吗？,"gesucht"
A1_de66d118141c53d9baf4216485270487,tanzen,动词,Tanzen Sie gern?,1.dance,你喜欢跳舞吗？,"getanzt"
A1_7198ae161b582d246db2d204d035db1c,Tasche,名词,Ich habe die Schlüssel in der Tasche.,1.口袋<br>2.包/袋/袋子,我的钥匙在我的口袋里。,<font color='#FF99CC'> die Tasche</font><br>Taschen
A1_0dcfdb3caf2dcc0998f250e9aba65cee,Taxi,名词,Es gibt heute keinen Bus mehr. Er fährt mit dem Taxi.,1.taxi / cab,今天没有更多公交车了。他乘坐出租车。,
A1_fd82477a37d037db5c9f58e88518dde2,Tee,名词,Ich trinke morgens immer Tee.,1.tee / tea<br>2.tee box / tee / tea,我总是早上喝茶。,<font color='#3399FF'> der Tee</font><br>Tees<font color='#FFFF33'> das Tee</font><br>Tees
A1_fb1ced3c30a6649e1fab7e0e47b204cb,Teil,名词,Lies bitte auch den zweiten Teil.,1.piece / part / deal<br>2.portion / fraction / piece,另请阅读第二部分。,<font color='#FFFF33'> das Teil</font><br>Teile<font color='#3399FF'> der Teil</font><br>Teile
A1_6a73b3cbca7c5ecd17ff484bcae5dc23,telefonieren,动词,Darf ich mal telefonieren?,1.telephone,我可以打电话吗？,"telefoniert"
A1_0975cf6baccb3862c31522c2b5b8fabc,Telefon,名词,Haben Sie Telefon?,1.电话,你有电话吗？,<font color='#FFFF33'> das Telefon</font><br>Telefone
A1_45fb9cf9a7a20b0c3b0b469972dedd74,Termin,名词,Am besten machen wir sofort einen Termin.,1.日程,我们最好立即预约。,<font color='#3399FF'> der Termin</font><br>Termine
A1_0cbc6611f5540bd0809a388dc95a615b,Test,名词,Der Test war einfach.,1.check / test,测试很简单。,<font color='#3399FF'> der Test</font><br>
A1_662116fbaa12d845aa04210c05fe1b11,teuer,形容词,Das ist mir zu teuer.,1.贵<br>2.dear,这对我来说太贵了。,
A1_9dffbf69ffba8bc38bc4e01abf4b1675,Text,名词,Lesen Sie bitte diesen Text.,1.text<br>2.lyric,请阅读本文。,<font color='#3399FF'> der Text</font><br>Texte
A1_d0c37e5fbeb977665283457b91d6b005,Thema,名词,Wir sprechen heute über das Thema „Essen und Trinken“.,1.主题<br>2.主题,今天我们要聊的话题是“吃喝”。,<font color='#FFFF33'> das Thema</font><br>
A1_c751439d0db3883ac1c8e816327adcab,Ticket,名词,Wie viel kostet das Ticket?,1.票,门票多少钱？,<font color='#FFFF33'> das Ticket</font><br>Tickets
A1_ad6931a2dc2314d125dca27d02cfd629,Tisch,名词,Die Fotos liegen auf dem Tisch.,1.table,照片在桌子上。,<font color='#3399FF'> der Tisch</font><br>Tische
A1_35611d197e37353535f711d06efa13c0,Tochter,名词,Das ist meine Tochter Katharina.,1.女兒,这是我的女儿凯瑟琳娜。,<font color='#FF99CC'> die Tochter</font><br>Töchter
A1_af28c65e27cd9450cd8760ad54f12868,Toilette,名词,"Wo ist die Toilette, bitte?",1.toilet / lavatory / restroom<br>2.toilette,请问厕所在哪里？,<font color='#FF99CC'> die Toilette</font><br>Toiletten
A1_9e4867f297418726b5ed03ea43aae0d2,Tomate,名词,Die Tomate ist noch grün.,1.番茄/西红柿<br>2.tomato / love apple,西红柿还是绿的。,<font color='#FF99CC'> die Tomate</font><br>Tomaten
A1_0b080119cbf1138edfa9132471e1a661,tot,形容词,Sein Vater ist schon lange tot.,1.dead,他的父亲已经去世很长时间了。,
A1_e20e90675cdeb9ba45818388337f1537,treffen,动词,Ich treffe in der Stadt einen Kollegen.,1.meet,我在城里遇见一位同事。,"getroffen"
A1_60df5ca913c82f0364153a0e219c50fa,Treppe,名词,Die Toilette? Die Treppe hoch und dann links.,1.阶梯/楼梯,厕所？上楼梯然后离开。,<font color='#FF99CC'> die Treppe</font><br>Treppen
A1_627bcc51e964da745a6c830ae9bfaa57,trinken,动词,Möchtest du etwas trinken?,1.喝<br>2.drink,你想喝点什么吗？,"getrunken"
A1_e00529c3f3dd2e92fcd4c00420b3ee53,tschüss,问候语,Junge Leute sagen meistens „tschüss!“ und nicht „auf Wiedersehen“.,再见,年轻人通常会说“再见！”而不是“再见”。,
A1_842e1d0c0e58780bb0bbad5306b58856,tun,动词,Ich habe noch etwas zu tun.,1.act / happen / work / put / do,我还有事要做。,"getan"
A1_860828352d2d9e23a47335120b84fd9c,über,介词,Gehen Sie hier über die Straße.,1.above / beyond / over<br>2.across / over,走过这里的街道。,
A1_35d6104ac28145eda27c1e2dde2a9ea2,übernachten,动词,Du kannst bei mir übernachten.,1.spend the night / sleep over,你可以和我一起过夜。,"übernachtet"
A1_1afc6cbd8599b4d9316e6339f3e28dbd,überweisen,动词,Sie können das Geld auch überweisen.,1.transfer,您也可以转账。,"überwiesen"
A1_af6028b7431c6b44aa4cce506dc01ecd,Uhr,名词,Es ist vier Uhr.,1.时钟/钟<br>2.时,已经四点了。,<font color='#FF99CC'> die Uhr</font><br>Uhren
A1_0dd00e33b6fc67b811ebe3177217d6c0,um,介词,Er kommt um sieben Uhr.,1.in order / after / round / for / at / by / to / about / around,他七点钟来。,
A1_e000b3ef4c0ce3402402741010e14758,umziehen,动词,Nächsten Monat ziehen wir um.,1.move / surround<br>2.get changed / change clothes / cloud over,我们下个月就要搬家了。,"umzogen"
A1_5ff2363014e7ff18f687f29900146aab,und,连词,Peter und Helmut sind meine Söhne.,1.and<br>2.和,彼得和赫尔穆特是我的儿子。,
A1_7ffadf451d35ab4586ef09cae09b147c,unser-,-,Das ist unsere Lehrerin.,我们的-,这是我们的老师。,
A1_f6065e8fe2c0040413bf48b8e9c92bb8,unten,位置副词,Er wohnt ganz unten im Haus.,1.below / down there / downstairs<br>2.below,他住在房子的底层。,
A1_00f84862107e5b79cc3fbfbceeb8106b,unter,介词,Unter uns wohnt eine Familie mit drei Kindern.,1.under / below,我们楼下住着一个有三个孩子的家庭。,
A1_f3d92b8ea0640586d56403e56e1b06aa,Unterricht,名词,Wir haben Unterricht von 8.00 bis 12.00 Uhr.,1.teaching / instruction / lessons / classes,我们的上课时间是早上八点到中午十二点。,<font color='#3399FF'> der Unterricht</font><br>Unterrichte
A1_695ea6e790670a52be3b13988918c289,unterschreiben,动词,Wo muss ich unterschreiben?,1.sign,我必须在哪里签名？,"unterschrieben"
A1_6c2a137f3db9474c1a20cd566840785b,Unterschrift,名词,Hier fehlt noch Ihre Unterschrift.,1.签名,这里仍然缺少您的签名。,<font color='#FF99CC'> die Unterschrift</font><br>Unterschriften
A1_4ba0f93a7abf75d5c951db19f10b7a33,Urlaub,名词,Ich nehme im September Urlaub.,1.假<br>2.holiday / vacation,我九月要休假。,<font color='#3399FF'> der Urlaub</font><br>Urlaube
A1_dcb504d58f8287434f6b3098d6b6f69f,Vater,名词,Mein Vater ist Arbeiter.,1.父/父亲,我的父亲是一名工人。,<font color='#3399FF'> der Vater</font><br>Väter
A1_688f1228131a30ce44d6e36fa5917a41,verboten,形容词,Hier ist Rauchen verboten.,1.forbidden / prohibited / verboten,这里禁止吸烟。,
A1_603d2b84e0226965b692879b915c7ad8,verdienen,动词,Ich verdiene 1.500 Euro im Monat.,1.earn<br>2.deserve,"我每个月挣 1,500 欧元。","verdient"
A1_37087ca3535d4bd5aade36e1c46e0fc6,Verein,名词,Es gibt einen neuen Sportverein in der Stadt.,1.club / society / association,镇上有一个新的体育俱乐部。,<font color='#3399FF'> der Verein</font><br>Vereine
A1_10089a27d8ecac99bb41097d6dbf6045,verheiratet,形容词,Ich bin verheiratet und habe drei Kinder.,1.married,我已婚并育有三个孩子。,
A1_dd6474fdfd0000137626a2bfd47fdbec,verkaufen,动词,Er verkauft sein altes Auto.,1.卖<br>2.make a bad buy,他正在卖掉他的旧车。,"verkauft"
A1_2142039a1598f82172c744c34b03dfd5,Verkäufer,名词,Meine Mutter ist Verkäuferin im Kaufhaus.,1.seller / vendor<br>2.shop assistant / salesperson / salesman,我的母亲是一家百货公司的售货员。,<font color='#3399FF'> der Verkäufer</font><br>Verkäufer
A1_a47b8f4beaa4c24d6bfc34cc67a39415,vermieten,动词,Die Wohnung ist schon vermietet.,1.let / rent out,公寓已经租出去了。,"vermietet"
A1_a2ed5fe936468ae90a2d2ee2c94a076a,Vermieter,名词,Unser Vermieter heißt Huber. Er wohnt auch hier.,1.landlord,我们的房东叫胡贝尔。他也住在这里。,<font color='#3399FF'> der Vermieter</font><br>Vermieter
A1_0ed1f518e64b3fef9cf0d27a92d5a1b3,verstehen,动词,Können Sie mich verstehen?,1.了解/理解/听得懂/懂,你能理解我吗？,"verstanden"
A1_d76aa841adff6c522e3d5b7249030b74,Verwandte,名词,Peter besucht seine Verwandten in Polen.,1.relative,彼得拜访他在波兰的亲戚。,<font color='#FF99CC'> die Verwandte</font><br>
A1_e068b644c499bb1b65396331f9702c08,viel,形容词,Hier regnet es viel.,1.many / much / a lot<br>2.much / a lot,这里雨很大。,
A1_946ac77af4b561b1f104d7e0e79e08af,vielleicht,情态副词,Ich komme vielleicht mit dem Bus.,1.可能/或许,我可能会乘公共汽车来。,
A1_99fa307ec57145b928f70f1bf9a6b0f9,von,介词,Das Auto von Felix ist kaputt.,1.of / from / hope / about,菲利克斯的车坏了。,
A1_71807f6a7f44d0a733a8b3f6588b8380,vor,介词,Der Termin war vor einer Stunde.,1.ago / spring / ere / before,约会是一个小时前。,
A1_fecc7b92efa313ac8de08d4094455c9e,Vorname,名词,"Ich heiße Müller, mein Vorname ist Eva.",1.名字,我的名字是穆勒，我的名字是伊娃。,<font color='#3399FF'> der Vorname</font><br>Vornamen
A1_d9180eee65a02f915e09dfd8ff6e150e,Vorsicht,名词,Vorsicht! Da kommt ein Auto.,1.caution / care<br>2.danger,警告！有车来了,<font color='#FF99CC'> die Vorsicht</font><br>—
A1_e58ed0847c9e7c35ee80d769995493a1,vorstellen,动词,Wir wollen uns kennenlernen. Können Sie sich bitte vorstellen?,1.put in front / move forward<br>2.put in front / move forward,我们想互相了解。您能介绍一下自己吗？,"vorgestellt"
A1_81158de9bda7e2ca067f6de499b6847a,Vorwahl,名词,Wie ist die Vorwahl von München?,1.area code<br>2.primary election / caucus,慕尼黑 的区号是多少？,<font color='#FF99CC'> die Vorwahl</font><br>Vorwahlen
A1_431baafff6e2e655fdd857119b49e22a,wandern,动词,Wir wandern um den Chiemsee.,1.hike / travel / go trekking<br>2.move / migrate,我们在基姆湖周围徒步旅行。,"<font color='#FF6600'>sein</font> gewandert"
A1_5bc0791352002fc5316b9e59022e1513,wann,副词,Wann bist du fertig?,1.when,你什么时候准备好？,
A1_37c2cea57eed55598ed030da0265c280,warten,动词,Können Sie ein paar Minuten warten?,1.wait<br>2.maintain,你能等几分钟吗？,"gewartet"
A1_d24ddce369392f6e1d6dcf62e8c0ae3a,warum,副词,Warum kommt er nicht?,1.why / wherefore<br>2.why so / how come / why / wherefore,他为什么不来？,
A1_a77b3598941cb803eac0fcdafe44fac9,was,代词,Was ist das?,1.什么<br>2.something,那是什么？,
A1_1760a68be05a8b13f23e331e51a11679,was für ein,-,Was für eine Farbe möchten Sie?,什么是,你想要什么颜色？,
A1_97b7abcbebf3508441a575ad0ceb721a,waschen,动词,Wo kann ich mir die Hände waschen?,1.wash,我可以在哪里洗手？,"gewaschen"
A1_b78b6d814ba8c809692c5aeb357e0619,Wasser,名词,"Ein Glas Wasser, bitte.",1.水<br>2.water,请给我一杯水。,<font color='#FFFF33'> das Wasser</font><br>
A1_16126ae2c1ac3cd545d6dde067a1c340,weh tun,动词,Ich muss zum Arzt. Mein Bein tut weh.,伤害,我得去看医生。我的腿疼。,"weh getan"
A1_91bc98ea3c1cd8975eef25240ec8fad0,weiblich,形容词,Kreuzen Sie bitte an: „weiblich“ oder „männlich“.,1.女性/雌/女<br>2.妇女,请勾选：“女”或“男”。,
A1_eb43b1b003085403a0826c99876bdc61,Wein,名词,"Nein danke, ich möchte keinen Wein.",1.葡萄树<br>2.葡萄,不，谢谢，我不需要酒。,<font color='#3399FF'> der Wein</font><br>Weine
A1_8290c29bcd88cef122f67d57ccfa328e,weit,形容词,Zum Bahnhof ist es nicht weit.,1.vast<br>2.far,离火车站不远。,
A1_bf0dad671dd5176134c3f2cb353b6432,weiter,形容词,Der Bus fährt nicht weiter.,1.further,巴士不再继续行驶。,
A1_c0108eeb072c104740decc56b36624b2,welch-,-,Welches Buch möchtest du?,哪个-,你想要哪本书？,
A1_642042e7bb028edd8287765a980cc41a,Welt,名词,Es gibt viele Probleme auf der Welt.,1.世界,世界上有很多问题。,<font color='#FF99CC'> die Welt</font><br>Welten
A1_f426572db03c2136a7e9a553c084007a,wenig,形容词,Ich habe leider nur wenig verstanden.,1.a few / little<br>2.a bit / a little / slightly,不幸的是我了解甚少。,
A1_22c276a05aa7c90566ae2175bcc2a9b0,wer,疑问代词,Wer ist das?,1.誰<br>2.somebody / who,那是谁？,
A1_b12c96ca51fd97596a2eb9ec7135c5dd,werden,动词,Mein Sohn will Arzt werden.,1.grow / become / get<br>2.become,我儿子想成为一名医生。,"<font color='#FF6600'>sein</font> geworden"
A1_8328b1967c631787cc0a72ff17114b3c,Wetter,名词,Wir hatten schlechtes Wetter.,1.天气,我们天气不好。,<font color='#FFFF33'> das Wetter</font><br>Wetter<font color='#3399FF'> der Wetter</font><br>Wetter
A1_08861b033fb0211666b76fd831d37104,wichtig,形容词,Dieses Formular ist sehr wichtig.,1.relevant / important / significant,这个形式非常重要。,
A1_3e413f53d9f7c57b7250e9515a8d0d4d,wie,副词,Wie heißt du?,1.like / how<br>2.eg. / like,你叫什么名字？,
A1_e569322a4bcb2d16ef8005c987210fa9,wiederholen,动词,Können Sie das bitte wiederholen?,1.重覆/复习,您能重复一下吗？,"wiedergeholt"
A1_9edb612fb9cc976afa333af45744504d,Wiederhören,名词,Wir müssen jetzt Schluss machen.,再听一遍,我们现在必须停下来。,<font color='#FFFF33'> das Wiederhören</font><br> -
A1_f659a3c523456f6ef0582e93444ab80a,Wiedersehen,名词,Auf Wiedersehen!,1.reunion,再见！,<font color='#FFFF33'> das Wiedersehen</font><br>Wiedersehen
A1_dfbf66efb3622953d91baf38effacca3,wie viel,词组,Wie viel Milch nehmen Sie?,1.几/幾個/幾/几个/多少,你喝多少牛奶？,
A1_cd0d2905a7551dc7f9c63f4dde7c5924,willkommen,形容词,Herzlich willkommen!,1.欢迎,欢迎！,
A1_52258b9eda406898436077f22a2ed11f,Wind,名词,Der Wind kommt aus Osten.,1.风,风从东边吹来。,<font color='#3399FF'> der Wind</font><br>Winde
A1_4c38b6b1835c6934dc866ef3dd858bc6,wir,人称代词,Wir lernen Deutsch.,1.我们,我们正在学习德语。,
A1_40c55b7a094ab345e76b8d1e0179e832,wissen,动词,"Weißt du, wie er heißt?",1.知道,你知道他叫什么名字吗？,"gewusst"
A1_e0a0862398ccf49afa6c809d3832915c,wo,副词,Wo waren Sie im Urlaub?,1.where / if,你去哪儿度假了？,
A1_4b757fc5b9f63e179b06d24913e0f25b,woher,副词,Woher kommen Sie?,1.from where,你从哪来？,
A1_4396fafcb8513b61c36c9162c86d3bfa,wohin,副词,Wohin fährt dieser Bus?,1.where<br>2.where,这辆公共汽车要去哪里？,
A1_28229c8ea42d2b0827d421d99209c5d3,wohnen,动词,Ich wohne in München.,1.dwell / reside / live / lodge<br>2.stay,我住在慕尼黑。,"gewohnt"
A1_7d9fce41fb621e734fb77bbce728aa1d,Wohnung,名词,Seit wann haben Sie diese Wohnung?,1.flat / apartment / accommodation / home,您拥有这套公寓多久了？,<font color='#FF99CC'> die Wohnung</font><br>Wohnungen
A1_03329974cb5f1aec390486fb3402912b,wollen,动词,Wollen Sie einen Kaffee trinken?,1.要,你想喝杯咖啡吗？,"gewollt"
A1_7e2aa751bdcb1636344f39483040e3e1,Wort,名词,Ich kenne das Wort nicht.,1.词,我不认识这个词。,<font color='#FFFF33'> das Wort</font><br>Wörter<font color='#FFFF33'> das Wort</font><br>Worte
A1_213ff08c960c9d2f7b405886a6e2a98a,wunderbar,形容词,Das Essen schmeckt wunderbar.,1.miraculous<br>2.wonderful / marvellous,食物味道好极了。,
A1_bb6d8744b9e5e93886ba7a7a3cb3a738,zahlen,动词,"Zahlen, bitte!",1.pay,请付款！,"gezahlt"
A1_71827185ced9039cac7b465993ba30e9,Zeit,名词,Ich habe heute keine Zeit.,1.time,我今天没有时间。,<font color='#FF99CC'> die Zeit</font><br>Zeiten
A1_305cbb9f6c813c4399f35a23fac63be7,zurzeit,时间副词,Zurzeit habe ich sehr viel zu tun.,1.目前,我现在有很多事情要做。,
A1_6882a8e8d08051b3e41842972434f6a7,Zeitung,名词,Ich lese gern Zeitung.,1.报纸,我喜欢看报纸。,<font color='#FF99CC'> die Zeitung</font><br>Zeitungen
A1_a314d227b642d698557b4a5b4cb0c99b,Zigarette,名词,Wie teuer sind die Zigaretten?,1.香烟,香烟多少钱？,<font color='#FF99CC'> die Zigarette</font><br>Zigaretten
A1_4c5116cea5cf7be5fcc476f9d391f476,Zimmer,名词,Das Zimmer ist groß.,1.房间,房间很大。,<font color='#FFFF33'> das Zimmer</font><br>Zimmer
A1_26587e0ec04aa8b3e91e820e3b38081d,Zoll,名词,Wir müssen noch durch den Zoll.,1.关税（關税）,我们还得过海关。,<font color='#3399FF'> der Zoll</font><br>ZölleZoll
A1_18670245849a7ba01669bdac40144a82,zu,介词,Der Bus fährt zum Bahnhof.,1.太,巴士前往火车站。,
A1_52c4b1597683d7cb6c120315454a0f75,zufrieden,形容词,Ich bin mit der Wohnung zufrieden.,1.content / satisfied,我对公寓很满意。,
A1_98af5d5ef3d5f6e4e2d3db2c979f0940,Zug,名词,Ich fahre gern mit dem Zug.,1. (军队建制)排 /火車,我喜欢乘火车旅行。,<font color='#3399FF'> der Zug</font><br>Züge<font color='#3399FF'> der Zug</font><br>
A1_a3ba5d1a1c9b083ca60d12d42ccbfba3,zurück,副词,Einmal Frankfurt und zurück.,1.back,到达法兰克福后又返回。,
A1_32de8e7bfddbf2dcb038a120ae666f34,zusammen,副词,Sollen wir zusammen essen gehen?,1.together<br>2.together,我们应该一起出去吃饭吗？,
A1_f4b9e4c6093955eb8cb0d6f2344192f7,zwischen,介词,Heidelberg liegt zwischen Frankfurt und Stuttgart.,1.在…之间<br>2.among,海德堡位于法兰克福和斯图加特之间。,
A1_7d387addf37f1ab1e36dfb4bf996c9ed,Kultusminister der,-,"Länder in der Bundesrepublik Deutschland (KMK), der",文化部长,德意志联邦共和国 (KMK) 国家,
